-- phpMyAdmin SQL Dump
-- version 5.2.0
-- https://www.phpmyadmin.net/
--
-- Host: 127.0.0.1
-- Generation Time: May 07, 2023 at 10:30 AM
-- Server version: 10.4.27-MariaDB
-- PHP Version: 8.2.0

SET SQL_MODE = "NO_AUTO_VALUE_ON_ZERO";
START TRANSACTION;
SET time_zone = "+00:00";


/*!40101 SET @OLD_CHARACTER_SET_CLIENT=@@CHARACTER_SET_CLIENT */;
/*!40101 SET @OLD_CHARACTER_SET_RESULTS=@@CHARACTER_SET_RESULTS */;
/*!40101 SET @OLD_COLLATION_CONNECTION=@@COLLATION_CONNECTION */;
/*!40101 SET NAMES utf8mb4 */;

--
-- Database: `eapi`
--

-- --------------------------------------------------------

--
-- Table structure for table `failed_jobs`
--

CREATE TABLE `failed_jobs` (
  `id` bigint(20) UNSIGNED NOT NULL,
  `uuid` varchar(255) NOT NULL,
  `connection` text NOT NULL,
  `queue` text NOT NULL,
  `payload` longtext NOT NULL,
  `exception` longtext NOT NULL,
  `failed_at` timestamp NOT NULL DEFAULT current_timestamp()
) ENGINE=InnoDB DEFAULT CHARSET=utf8mb4 COLLATE=utf8mb4_unicode_ci;

-- --------------------------------------------------------

--
-- Table structure for table `migrations`
--

CREATE TABLE `migrations` (
  `id` int(10) UNSIGNED NOT NULL,
  `migration` varchar(255) NOT NULL,
  `batch` int(11) NOT NULL
) ENGINE=InnoDB DEFAULT CHARSET=utf8mb4 COLLATE=utf8mb4_unicode_ci;

--
-- Dumping data for table `migrations`
--

INSERT INTO `migrations` (`id`, `migration`, `batch`) VALUES
(35, '2014_10_12_000000_create_users_table', 1),
(36, '2014_10_12_100000_create_password_resets_table', 1),
(37, '2019_08_19_000000_create_failed_jobs_table', 1),
(38, '2019_12_14_000001_create_personal_access_tokens_table', 1),
(39, '2023_05_07_061041_create_products_table', 1),
(40, '2023_05_07_061348_create_reviews_table', 1);

-- --------------------------------------------------------

--
-- Table structure for table `password_resets`
--

CREATE TABLE `password_resets` (
  `email` varchar(255) NOT NULL,
  `token` varchar(255) NOT NULL,
  `created_at` timestamp NULL DEFAULT NULL
) ENGINE=InnoDB DEFAULT CHARSET=utf8mb4 COLLATE=utf8mb4_unicode_ci;

-- --------------------------------------------------------

--
-- Table structure for table `personal_access_tokens`
--

CREATE TABLE `personal_access_tokens` (
  `id` bigint(20) UNSIGNED NOT NULL,
  `tokenable_type` varchar(255) NOT NULL,
  `tokenable_id` bigint(20) UNSIGNED NOT NULL,
  `name` varchar(255) NOT NULL,
  `token` varchar(64) NOT NULL,
  `abilities` text DEFAULT NULL,
  `last_used_at` timestamp NULL DEFAULT NULL,
  `expires_at` timestamp NULL DEFAULT NULL,
  `created_at` timestamp NULL DEFAULT NULL,
  `updated_at` timestamp NULL DEFAULT NULL
) ENGINE=InnoDB DEFAULT CHARSET=utf8mb4 COLLATE=utf8mb4_unicode_ci;

-- --------------------------------------------------------

--
-- Table structure for table `products`
--

CREATE TABLE `products` (
  `id` bigint(20) UNSIGNED NOT NULL,
  `name` varchar(255) NOT NULL,
  `detail` text NOT NULL,
  `price` int(11) NOT NULL,
  `stock` int(11) NOT NULL,
  `discount` int(11) NOT NULL,
  `created_at` timestamp NULL DEFAULT NULL,
  `updated_at` timestamp NULL DEFAULT NULL
) ENGINE=InnoDB DEFAULT CHARSET=utf8mb4 COLLATE=utf8mb4_unicode_ci;

--
-- Dumping data for table `products`
--

INSERT INTO `products` (`id`, `name`, `detail`, `price`, `stock`, `discount`, `created_at`, `updated_at`) VALUES
(1, 'Vero suscipit expedita quae.', 'Iste cum quasi reiciendis quibusdam voluptatum est ea iste iusto porro natus.', 733, 91, 72, '2023-05-07 02:27:45', '2023-05-07 02:27:45'),
(2, 'Rerum voluptas ratione.', 'Quisquam porro velit omnis assumenda ut eius consequatur laudantium.', 889, 89, 15, '2023-05-07 02:27:45', '2023-05-07 02:27:45'),
(3, 'Quaerat quia.', 'Ut fugiat quo mollitia maiores est sed assumenda expedita aut non debitis quos et.', 609, 70, 12, '2023-05-07 02:27:45', '2023-05-07 02:27:45'),
(4, 'Corporis at debitis expedita.', 'Ipsa consequuntur quo nisi laudantium enim quod consequuntur sit nisi aperiam aspernatur adipisci.', 472, 2, 18, '2023-05-07 02:27:45', '2023-05-07 02:27:45'),
(5, 'Ea eos ut eveniet.', 'Itaque blanditiis vitae repellat voluptates quod sed ipsa.', 955, 3, 70, '2023-05-07 02:27:45', '2023-05-07 02:27:45'),
(6, 'Ipsa rem quibusdam a voluptates.', 'Possimus temporibus ad laboriosam repellendus quia sint itaque.', 1128, 100, 68, '2023-05-07 02:27:45', '2023-05-07 02:27:45'),
(7, 'Nobis molestiae odit.', 'Maiores reprehenderit ex et est molestiae eum ut est sint.', 528, 35, 30, '2023-05-07 02:27:45', '2023-05-07 02:27:45'),
(8, 'Aut in cum.', 'Quisquam exercitationem sit nulla et sit quo at.', 1167, 1, 73, '2023-05-07 02:27:45', '2023-05-07 02:27:45'),
(9, 'Eos ut laboriosam doloremque.', 'Veniam sed et numquam est deserunt aut voluptatem laudantium laudantium neque ut sed.', 955, 62, 44, '2023-05-07 02:27:45', '2023-05-07 02:27:45'),
(10, 'Tempore sed incidunt rerum.', 'Est asperiores eius nisi dolores expedita harum.', 585, 62, 50, '2023-05-07 02:27:45', '2023-05-07 02:27:45'),
(11, 'Quae aut inventore.', 'Repudiandae qui voluptatem repellendus qui iure veniam amet.', 927, 60, 82, '2023-05-07 02:27:45', '2023-05-07 02:27:45'),
(12, 'Consequatur sed possimus minima.', 'Culpa maxime ducimus rerum occaecati quia qui sint ab ea quaerat.', 687, 94, 66, '2023-05-07 02:27:45', '2023-05-07 02:27:45'),
(13, 'Et impedit sunt.', 'Aut ut fugit aperiam odio sit suscipit sed qui quae.', 1126, 28, 40, '2023-05-07 02:27:45', '2023-05-07 02:27:45'),
(14, 'Quas velit et.', 'Et in eum reiciendis voluptas dolor repudiandae odit assumenda fugiat.', 1171, 3, 41, '2023-05-07 02:27:45', '2023-05-07 02:27:45'),
(15, 'Reprehenderit repudiandae quisquam modi.', 'Quasi qui dolorum in impedit eos deleniti eum.', 155, 57, 67, '2023-05-07 02:27:45', '2023-05-07 02:27:45'),
(16, 'Odit adipisci vero.', 'Sint perferendis beatae ea iure consequatur aut itaque similique qui perferendis enim est consequatur.', 524, 88, 12, '2023-05-07 02:27:45', '2023-05-07 02:27:45'),
(17, 'Est nisi voluptate.', 'Qui ut labore saepe aut omnis corrupti.', 832, 15, 97, '2023-05-07 02:27:45', '2023-05-07 02:27:45'),
(18, 'Eligendi est quo rerum.', 'Assumenda nulla nesciunt eos reprehenderit reiciendis enim et omnis mollitia ut qui voluptas.', 1040, 73, 13, '2023-05-07 02:27:45', '2023-05-07 02:27:45'),
(19, 'Aperiam voluptatum.', 'Provident at illum consectetur eligendi et labore aut.', 650, 64, 64, '2023-05-07 02:27:45', '2023-05-07 02:27:45'),
(20, 'Nisi quod tempora accusantium.', 'Est temporibus ducimus fugiat ut illum quisquam et ad.', 586, 50, 85, '2023-05-07 02:27:45', '2023-05-07 02:27:45'),
(21, 'Repellat non commodi eaque.', 'Enim sunt minima qui dolorum quam inventore.', 257, 34, 97, '2023-05-07 02:27:45', '2023-05-07 02:27:45'),
(22, 'Voluptatum repudiandae asperiores minus.', 'Sit veritatis dolorem earum et et id voluptas est similique quia reprehenderit in.', 353, 67, 29, '2023-05-07 02:27:45', '2023-05-07 02:27:45'),
(23, 'Ut nihil sint.', 'Iste maxime qui qui aut perferendis voluptatum.', 485, 86, 52, '2023-05-07 02:27:45', '2023-05-07 02:27:45'),
(24, 'Quisquam voluptatem tenetur.', 'Sit possimus dolorum voluptatibus sit est est in nisi iste.', 980, 20, 23, '2023-05-07 02:27:45', '2023-05-07 02:27:45'),
(25, 'Culpa eum illo impedit.', 'Exercitationem aut enim debitis saepe totam non a voluptas ratione molestiae.', 459, 94, 36, '2023-05-07 02:27:45', '2023-05-07 02:27:45'),
(26, 'Quo quos fugiat laboriosam.', 'Nisi tempora occaecati debitis ad debitis dolorem non numquam voluptas neque saepe.', 633, 34, 53, '2023-05-07 02:27:45', '2023-05-07 02:27:45'),
(27, 'Voluptatibus officia suscipit.', 'Fuga fuga repudiandae et quia vero impedit et nesciunt.', 339, 5, 47, '2023-05-07 02:27:45', '2023-05-07 02:27:45'),
(28, 'Placeat animi ad.', 'Et quaerat ut iste voluptas suscipit cumque quod sed rerum deserunt.', 645, 69, 87, '2023-05-07 02:27:45', '2023-05-07 02:27:45'),
(29, 'Dolorum quia consequatur sit voluptas.', 'Dolorum et quibusdam earum reprehenderit esse cum.', 613, 19, 75, '2023-05-07 02:27:45', '2023-05-07 02:27:45'),
(30, 'Illum qui eos ipsum.', 'Distinctio iusto voluptate qui mollitia possimus qui fugit fugit quis quia.', 1193, 63, 51, '2023-05-07 02:27:45', '2023-05-07 02:27:45'),
(31, 'Ut et animi.', 'Sint error quia eligendi voluptate iure temporibus perferendis tenetur illo perspiciatis.', 362, 37, 52, '2023-05-07 02:27:45', '2023-05-07 02:27:45'),
(32, 'Nam dolores.', 'Accusantium necessitatibus voluptates explicabo sit molestias quia totam autem.', 442, 19, 10, '2023-05-07 02:27:45', '2023-05-07 02:27:45'),
(33, 'Explicabo impedit et omnis facilis.', 'Vel consequatur mollitia eos ex est enim iusto perferendis.', 1150, 39, 92, '2023-05-07 02:27:45', '2023-05-07 02:27:45'),
(34, 'Distinctio quasi est nesciunt nulla.', 'Eius voluptatibus aspernatur odit qui animi aliquam sed.', 671, 77, 38, '2023-05-07 02:27:45', '2023-05-07 02:27:45'),
(35, 'Mollitia quis neque qui itaque.', 'Doloremque totam sunt numquam minus incidunt est.', 270, 47, 56, '2023-05-07 02:27:45', '2023-05-07 02:27:45'),
(36, 'Explicabo voluptatem quis fuga.', 'Rerum adipisci iusto rerum ad quo qui amet.', 829, 5, 69, '2023-05-07 02:27:45', '2023-05-07 02:27:45'),
(37, 'Quo distinctio facilis harum.', 'Sed sunt asperiores ducimus eveniet et suscipit veritatis blanditiis.', 233, 46, 21, '2023-05-07 02:27:45', '2023-05-07 02:27:45'),
(38, 'Voluptas nostrum ducimus.', 'Sed facere nam quo assumenda assumenda voluptate ut similique voluptatem.', 753, 75, 58, '2023-05-07 02:27:45', '2023-05-07 02:27:45'),
(39, 'Maiores quia in.', 'Magnam dolores accusamus sit ipsam porro dolorem et ea.', 798, 14, 20, '2023-05-07 02:27:45', '2023-05-07 02:27:45'),
(40, 'Itaque exercitationem animi.', 'Ipsam earum ipsum asperiores et maxime et quod.', 386, 9, 84, '2023-05-07 02:27:45', '2023-05-07 02:27:45'),
(41, 'Dignissimos et consequuntur similique.', 'In eos aut eos fuga doloremque necessitatibus iste voluptas corrupti vel et sit voluptatem.', 989, 98, 12, '2023-05-07 02:27:45', '2023-05-07 02:27:45'),
(42, 'Est mollitia.', 'Neque adipisci in atque minus et id qui cumque consectetur dolorum reprehenderit.', 203, 76, 29, '2023-05-07 02:27:45', '2023-05-07 02:27:45'),
(43, 'Eum et laudantium.', 'Consequatur magnam laudantium incidunt ad et nisi quis.', 588, 57, 57, '2023-05-07 02:27:45', '2023-05-07 02:27:45'),
(44, 'Nesciunt asperiores id eveniet ut.', 'In fuga dolor et quia omnis ea modi veritatis laborum saepe non explicabo.', 327, 67, 80, '2023-05-07 02:27:45', '2023-05-07 02:27:45'),
(45, 'Ut quibusdam.', 'Qui temporibus omnis voluptatum corrupti delectus voluptas enim velit rerum.', 171, 56, 53, '2023-05-07 02:27:45', '2023-05-07 02:27:45'),
(46, 'Reiciendis facere est dolores.', 'Corporis nihil eaque dignissimos mollitia autem ea sed porro consequatur rerum qui et.', 985, 80, 70, '2023-05-07 02:27:45', '2023-05-07 02:27:45'),
(47, 'Et facilis quae voluptate.', 'Totam et commodi voluptas facilis dolore nisi saepe ex atque ut perspiciatis quo.', 931, 76, 61, '2023-05-07 02:27:45', '2023-05-07 02:27:45'),
(48, 'Non sunt quia iste.', 'Occaecati expedita et et mollitia et sequi odio libero expedita illo quis et molestiae.', 1097, 26, 45, '2023-05-07 02:27:45', '2023-05-07 02:27:45'),
(49, 'Voluptates quidem.', 'Architecto fugiat quisquam qui labore voluptas mollitia cum nisi placeat praesentium temporibus qui neque.', 931, 46, 30, '2023-05-07 02:27:45', '2023-05-07 02:27:45'),
(50, 'Vel mollitia sed aut.', 'Est accusamus aperiam aut corrupti quis dignissimos ea recusandae eum autem unde aliquam.', 384, 2, 16, '2023-05-07 02:27:45', '2023-05-07 02:27:45');

-- --------------------------------------------------------

--
-- Table structure for table `reviews`
--

CREATE TABLE `reviews` (
  `id` bigint(20) UNSIGNED NOT NULL,
  `product_id` bigint(20) UNSIGNED NOT NULL,
  `customer` varchar(255) NOT NULL,
  `review` text NOT NULL,
  `star` int(11) NOT NULL,
  `created_at` timestamp NULL DEFAULT NULL,
  `updated_at` timestamp NULL DEFAULT NULL
) ENGINE=InnoDB DEFAULT CHARSET=utf8mb4 COLLATE=utf8mb4_unicode_ci;

--
-- Dumping data for table `reviews`
--

INSERT INTO `reviews` (`id`, `product_id`, `customer`, `review`, `star`, `created_at`, `updated_at`) VALUES
(1, 29, 'Quinten Larson DDS', 'Ipsam nisi sed et voluptatem reprehenderit soluta. Magnam aliquam et aspernatur sapiente soluta. In quos odit ut minus placeat. Nobis officiis unde aut sint nam.', 2, '2023-05-07 02:27:46', '2023-05-07 02:27:46'),
(2, 49, 'Mr. Brannon DuBuque', 'Voluptatem praesentium placeat quo. Voluptatem ut iure quaerat aperiam repellat. Rerum necessitatibus totam perferendis nemo amet quo possimus sed.', 4, '2023-05-07 02:27:46', '2023-05-07 02:27:46'),
(3, 5, 'Mr. Timmy Baumbach', 'Aut voluptas laborum vel. Error ea dolores assumenda. At rerum nam laboriosam culpa omnis quo. Eos cumque facilis et ea laborum aut ad.', 5, '2023-05-07 02:27:46', '2023-05-07 02:27:46'),
(4, 1, 'Mr. Hiram Kling', 'Asperiores aut adipisci magnam nemo. Rerum minus in quos cumque nihil maxime. Dolor sed quisquam maiores et ratione debitis consequatur.', 5, '2023-05-07 02:27:46', '2023-05-07 02:27:46'),
(5, 20, 'Stone Skiles', 'Adipisci esse impedit aut quam minus quia itaque. Alias aperiam qui ea ut qui et. Aperiam aut dolor totam libero perferendis dignissimos.', 5, '2023-05-07 02:27:46', '2023-05-07 02:27:46'),
(6, 31, 'Miss Karine Quigley', 'Dolor impedit veniam ut culpa doloribus dolores praesentium. Ut eveniet distinctio sit vero eligendi et consectetur. Enim et animi voluptas quia nulla nisi porro. Ut repudiandae explicabo vel labore nulla.', 5, '2023-05-07 02:27:46', '2023-05-07 02:27:46'),
(7, 46, 'Marianne Labadie', 'Recusandae fugit eum aliquid aut in et eveniet. Animi non ipsum odit facilis necessitatibus et. Dolorum nihil enim et ducimus quam.', 5, '2023-05-07 02:27:46', '2023-05-07 02:27:46'),
(8, 40, 'Corine Marvin', 'Enim omnis asperiores rerum cumque aut. Voluptatum consequuntur optio sunt. Accusamus totam iure minus ab cum dolor aperiam aliquam.', 5, '2023-05-07 02:27:46', '2023-05-07 02:27:46'),
(9, 36, 'Marlene Williamson', 'Quis qui eaque modi perferendis id ea minus. Sed assumenda laudantium modi quae. Occaecati odit aut aut. At itaque exercitationem et aspernatur vel et cumque ut.', 3, '2023-05-07 02:27:46', '2023-05-07 02:27:46'),
(10, 8, 'Joannie Shields', 'Beatae vitae porro nesciunt vero animi. Iusto voluptate beatae qui cum sint optio. Aliquam aperiam et ullam aliquam eveniet.', 0, '2023-05-07 02:27:46', '2023-05-07 02:27:46'),
(11, 42, 'Stephon Bergstrom', 'Eveniet tempore quia inventore et. Non minima sed commodi expedita. Et ut omnis quia fugiat culpa. Quod natus hic voluptas tempore aut saepe.', 4, '2023-05-07 02:27:46', '2023-05-07 02:27:46'),
(12, 1, 'Eleanora Bogisich', 'Incidunt veniam qui beatae optio optio ipsum provident. Aliquid rem labore nihil dolores. Est cum magni illo vel non libero cumque.', 0, '2023-05-07 02:27:46', '2023-05-07 02:27:46'),
(13, 19, 'Savanah Lubowitz', 'Quis nulla qui qui molestiae. Ab quis optio recusandae iste aut. Non quae enim aut voluptatem ab et. Repellendus reiciendis vel dolore omnis.', 3, '2023-05-07 02:27:46', '2023-05-07 02:27:46'),
(14, 10, 'Joany Bosco', 'Sunt sint nobis consequatur velit ea. Et inventore voluptas ea deserunt. Nisi saepe odit officiis aut ullam est.', 4, '2023-05-07 02:27:46', '2023-05-07 02:27:46'),
(15, 25, 'Kirsten Bradtke', 'Debitis quia maiores enim laborum nemo sit quia. Dignissimos rem alias eaque animi deserunt. Velit qui iusto eveniet praesentium quam. Omnis facere aperiam dolor qui nam officiis nisi.', 0, '2023-05-07 02:27:46', '2023-05-07 02:27:46'),
(16, 10, 'Prof. Clementina Eichmann', 'Velit aut dignissimos cum voluptatem. Quo sint et quidem adipisci rem ut cum. Aut quos quia officia.', 3, '2023-05-07 02:27:46', '2023-05-07 02:27:46'),
(17, 40, 'Elise Gulgowski II', 'Consequatur nam quidem expedita. Omnis expedita sed aut rerum. Rerum fuga explicabo rem nam enim sit qui. Est dolorum voluptatibus sed voluptas aut accusamus temporibus.', 0, '2023-05-07 02:27:46', '2023-05-07 02:27:46'),
(18, 7, 'Prof. Maxwell Harris V', 'Cupiditate vitae qui cum cumque non consequatur fugiat nihil. Quae voluptatem molestiae non. Qui debitis placeat enim fuga. In quia voluptatem eius sunt esse et fuga. Debitis incidunt ut dolores velit quae.', 1, '2023-05-07 02:27:46', '2023-05-07 02:27:46'),
(19, 37, 'Demarco Konopelski DDS', 'Velit rerum eum eos natus aliquam omnis. Dignissimos laboriosam qui reprehenderit perferendis dolorum alias. Itaque exercitationem tempore error debitis.', 1, '2023-05-07 02:27:46', '2023-05-07 02:27:46'),
(20, 34, 'Kaylin Hill I', 'Quam sed nobis dolor aliquid doloremque maxime explicabo. Quis amet vitae praesentium accusamus laboriosam debitis qui. At eius ea et temporibus.', 2, '2023-05-07 02:27:46', '2023-05-07 02:27:46'),
(21, 48, 'Camilla Lang', 'Sunt aut veniam consectetur ut. Iste est nobis adipisci impedit sint vero. Eos non atque magnam cum error eos.', 3, '2023-05-07 02:27:46', '2023-05-07 02:27:46'),
(22, 43, 'Calista Kovacek', 'Omnis rerum earum quos ducimus. Voluptate ut et aliquid possimus sit et qui. Quibusdam perspiciatis sequi ut dolorem ut eveniet. Qui neque facere deserunt non quia magni et.', 4, '2023-05-07 02:27:46', '2023-05-07 02:27:46'),
(23, 36, 'Raquel Wiegand', 'Quas doloribus dolor quia non repellat et architecto. Vel nihil aperiam voluptatem sit et corrupti. Et enim aut dolorem sit. Voluptatem possimus reprehenderit sed fugiat sint atque.', 5, '2023-05-07 02:27:46', '2023-05-07 02:27:46'),
(24, 44, 'Maudie Pagac', 'Omnis voluptates accusantium eum quis et consequatur. Illum quis a enim deleniti. Molestiae et quae quis quos. Dicta tempore perspiciatis sint sit voluptates laborum molestiae.', 2, '2023-05-07 02:27:46', '2023-05-07 02:27:46'),
(25, 25, 'Mozelle Walsh', 'Error ipsum sint ut maiores explicabo architecto quos esse. Non libero saepe consequatur ab voluptatum dolores temporibus. Fuga excepturi quia repellendus voluptatem porro. Magni aspernatur et sint necessitatibus expedita sit.', 3, '2023-05-07 02:27:46', '2023-05-07 02:27:46'),
(26, 5, 'Mrs. Alexa Bradtke', 'Possimus dolor aut eum sequi debitis officiis et laudantium. Architecto distinctio in ullam sapiente qui. Commodi et fugiat vero et consequatur totam. Qui minima harum aut rem distinctio unde soluta.', 2, '2023-05-07 02:27:46', '2023-05-07 02:27:46'),
(27, 18, 'Carissa O\'Hara', 'Error iusto earum quis nesciunt. Consequatur necessitatibus mollitia qui deleniti minus et. In sunt ut provident et quis.', 3, '2023-05-07 02:27:46', '2023-05-07 02:27:46'),
(28, 5, 'Fidel Zulauf II', 'Ut asperiores minima sed ut in. Numquam harum quaerat reiciendis exercitationem facilis. Perferendis aut totam ratione aut.', 1, '2023-05-07 02:27:46', '2023-05-07 02:27:46'),
(29, 43, 'Mr. Soledad Becker MD', 'Blanditiis nostrum provident impedit. Error animi explicabo qui voluptatem. Id recusandae tempore alias cupiditate vel dolore ut.', 2, '2023-05-07 02:27:46', '2023-05-07 02:27:46'),
(30, 27, 'Antwan Lebsack', 'Molestiae delectus qui accusamus nihil expedita laboriosam qui. Nemo harum id quam minima eos. Consequatur alias sunt enim nemo commodi iste.', 2, '2023-05-07 02:27:46', '2023-05-07 02:27:46'),
(31, 42, 'Trevion Towne', 'Nulla cum consectetur porro deleniti tempora tempora doloremque repudiandae. Unde repellendus explicabo ullam. Facilis quasi qui quo iure eum rerum. Optio accusantium et accusantium ex eum.', 2, '2023-05-07 02:27:46', '2023-05-07 02:27:46'),
(32, 48, 'Ms. Mandy Luettgen Jr.', 'Adipisci architecto magni sapiente. Id aperiam et illum voluptatum commodi rerum dolores. Vero in quos reprehenderit aut beatae.', 0, '2023-05-07 02:27:46', '2023-05-07 02:27:46'),
(33, 16, 'Ms. Lucie Metz III', 'Et quibusdam velit alias. Qui aut maxime et repellat dolore nihil quae in. Quidem quia consectetur vitae repudiandae.', 1, '2023-05-07 02:27:46', '2023-05-07 02:27:46'),
(34, 3, 'Ms. Freida Schoen', 'Et occaecati temporibus et eos unde nisi aliquam. Neque omnis eos eum voluptatem dignissimos omnis magnam.', 3, '2023-05-07 02:27:46', '2023-05-07 02:27:46'),
(35, 24, 'Audra Lindgren', 'Consequatur suscipit et quidem. Expedita dolores temporibus molestiae neque commodi culpa quidem.', 2, '2023-05-07 02:27:46', '2023-05-07 02:27:46'),
(36, 21, 'Adolf Dickinson', 'Aut odio laboriosam consequatur perspiciatis. Fuga nostrum illo ipsam illo qui ad. Ut et deleniti quibusdam illo voluptas earum nihil.', 1, '2023-05-07 02:27:46', '2023-05-07 02:27:46'),
(37, 8, 'Hershel Krajcik Sr.', 'Consectetur enim nemo sint dolorum. Quo autem iusto minima reiciendis itaque consequatur. Aperiam officiis totam id nulla quis iste magnam autem. Quos incidunt velit cumque dolor autem. Enim ipsa tempora qui sequi odit.', 5, '2023-05-07 02:27:46', '2023-05-07 02:27:46'),
(38, 13, 'Carli Hills', 'Tempora odio id aut quis culpa deserunt et facere. Atque pariatur ipsa rem. Eaque dolore culpa atque eius iste voluptatem quam voluptates.', 0, '2023-05-07 02:27:46', '2023-05-07 02:27:46'),
(39, 7, 'Damion Erdman', 'Pariatur molestias nostrum et. Vel ut et perferendis veritatis aspernatur. Ipsam natus voluptatibus dolores asperiores inventore atque doloribus. Aut illum deleniti nihil quam. Doloribus aut saepe corporis quis id et.', 2, '2023-05-07 02:27:46', '2023-05-07 02:27:46'),
(40, 12, 'Franco Davis', 'Ut soluta libero vel placeat rerum aut fugiat. Consequatur autem alias eaque rem odit corporis id. Voluptatum quis possimus enim commodi pariatur qui.', 2, '2023-05-07 02:27:46', '2023-05-07 02:27:46'),
(41, 37, 'Abelardo Dibbert', 'Est officiis perferendis eum asperiores odit. Sit voluptatem laborum facilis libero ullam sit labore. Sed sed quo laborum. Sunt cumque quidem quos.', 3, '2023-05-07 02:27:46', '2023-05-07 02:27:46'),
(42, 12, 'Deonte Kreiger', 'Alias sit aliquam enim provident. Nulla perferendis molestias quisquam. Debitis ipsam non sed dolores. Dolor neque facilis maxime est cum est.', 2, '2023-05-07 02:27:46', '2023-05-07 02:27:46'),
(43, 18, 'Dion Brekke', 'Harum recusandae et vel. Vel consectetur quae maiores et. Minima eveniet explicabo quo. Tempore error animi voluptate fugit.', 5, '2023-05-07 02:27:46', '2023-05-07 02:27:46'),
(44, 35, 'Xzavier Heathcote', 'Iste dicta quam ducimus dolor ut ab itaque. Ducimus praesentium culpa culpa.', 3, '2023-05-07 02:27:46', '2023-05-07 02:27:46'),
(45, 16, 'Haylie Becker IV', 'Voluptatem error inventore ipsam provident delectus dicta. Omnis fugiat ut magni esse autem omnis ratione. Molestiae libero earum et commodi.', 4, '2023-05-07 02:27:46', '2023-05-07 02:27:46'),
(46, 38, 'Prof. Al Schaden V', 'Quas quaerat et dolorum. Et quo consectetur rerum ut. Itaque illo dolore ipsam qui occaecati qui nisi. Facilis deserunt minus distinctio velit ex dolore. Dolor ipsum cupiditate molestiae est consequatur recusandae ut.', 3, '2023-05-07 02:27:46', '2023-05-07 02:27:46'),
(47, 39, 'Mrs. Iliana Pollich V', 'Non iusto maiores impedit ullam id voluptatum nam. Iste adipisci animi reprehenderit nulla rem. Aut ipsam veniam et quam eaque ab aliquam.', 4, '2023-05-07 02:27:46', '2023-05-07 02:27:46'),
(48, 5, 'Dr. Camren Barrows', 'Iste sint possimus sunt quis sit quia. Dolorum dolorum hic error. Nihil nostrum asperiores et nihil ut unde repudiandae. Ullam soluta velit quaerat mollitia repellat rerum.', 2, '2023-05-07 02:27:46', '2023-05-07 02:27:46'),
(49, 29, 'Sonia Stehr', 'Corporis veniam est possimus. Sed voluptatem et beatae dicta. Aliquid sed reiciendis error. Porro illum nostrum asperiores magnam sed dolorum assumenda. Qui repellat quasi sed autem mollitia facilis accusantium quia.', 5, '2023-05-07 02:27:46', '2023-05-07 02:27:46'),
(50, 36, 'Idella Kilback', 'Sed quia omnis aut quo aut. Nihil eveniet eaque voluptatem eligendi. Voluptatem at enim veniam.', 0, '2023-05-07 02:27:46', '2023-05-07 02:27:46'),
(51, 3, 'Elias McDermott', 'Mollitia doloribus error voluptatum voluptatem aut eum. Deserunt ducimus et labore assumenda aut nobis. Esse est et ut dolore. Omnis in aliquid quis aut labore cupiditate vitae.', 4, '2023-05-07 02:27:46', '2023-05-07 02:27:46'),
(52, 26, 'Ms. Veda Oberbrunner IV', 'Qui eos nobis aliquam quo. Quo adipisci ut quas architecto. Tenetur numquam ut quas sit eum aut atque. Quisquam vel fugiat odit odit.', 1, '2023-05-07 02:27:46', '2023-05-07 02:27:46'),
(53, 31, 'Mr. Claud Corkery', 'Tempora necessitatibus veniam sint blanditiis deleniti et laborum. At neque perferendis eos culpa sequi sunt.', 2, '2023-05-07 02:27:46', '2023-05-07 02:27:46'),
(54, 24, 'Max Goodwin I', 'Officia optio adipisci impedit dolorem fuga et atque. Eligendi quaerat excepturi debitis consequatur sint ut. Aut et earum architecto ipsam. Earum perferendis quia et ipsam est esse consequatur.', 4, '2023-05-07 02:27:46', '2023-05-07 02:27:46'),
(55, 17, 'Cara Hodkiewicz', 'Autem vel accusantium ipsum voluptates repellat rerum et. Dolorum maiores est quibusdam ab temporibus reprehenderit. Ut quod magni suscipit sit.', 3, '2023-05-07 02:27:46', '2023-05-07 02:27:46'),
(56, 5, 'Florian Block', 'Delectus ea molestias sed omnis laborum. Dolore qui ea aut voluptatem labore dolores sapiente voluptas.', 1, '2023-05-07 02:27:46', '2023-05-07 02:27:46'),
(57, 2, 'Marquise DuBuque', 'Provident dolorem amet ut laboriosam soluta. Nam quae voluptatibus iusto natus suscipit. Ducimus quia saepe eos ullam cum. Corporis magnam a temporibus quo. Quam quisquam voluptate nam est aliquid sunt a.', 0, '2023-05-07 02:27:46', '2023-05-07 02:27:46'),
(58, 21, 'Mireille Halvorson', 'Illo quasi delectus voluptatibus ullam quos. Id vel libero alias possimus et voluptas sit autem. Quia tempora explicabo modi commodi laboriosam dignissimos a. Rerum omnis porro dolores facere et officiis amet.', 0, '2023-05-07 02:27:46', '2023-05-07 02:27:46'),
(59, 43, 'Mack D\'Amore', 'Occaecati ullam perspiciatis et vitae ducimus. Consequuntur nobis ut veritatis nemo nisi. Voluptas quia ullam veniam quidem reprehenderit.', 3, '2023-05-07 02:27:46', '2023-05-07 02:27:46'),
(60, 23, 'Mr. Alberto Medhurst', 'Quia ut excepturi occaecati asperiores minus qui. Officiis ut voluptatem incidunt fugiat assumenda maiores. Aut aperiam et sunt sapiente quidem ratione cupiditate.', 1, '2023-05-07 02:27:46', '2023-05-07 02:27:46'),
(61, 10, 'Mr. Waino Block DDS', 'Nesciunt dolor sit velit ipsum porro voluptatum. Rerum ut expedita eius. Error omnis voluptatem voluptates iure maxime rerum doloribus tempora.', 2, '2023-05-07 02:27:46', '2023-05-07 02:27:46'),
(62, 45, 'Noelia Paucek V', 'Voluptas nihil et unde nihil consequatur. Consectetur omnis ut dolorem eum sed.', 0, '2023-05-07 02:27:46', '2023-05-07 02:27:46'),
(63, 35, 'Dustin Purdy', 'Tenetur optio ex sit temporibus autem aut. Voluptate blanditiis sit saepe excepturi minima. Et aliquam non hic ullam laboriosam odio. Et ut qui consequatur et voluptatem praesentium aspernatur.', 3, '2023-05-07 02:27:46', '2023-05-07 02:27:46'),
(64, 30, 'Prof. Bartholome Gislason V', 'Explicabo hic consequatur hic quia est porro ut. Est quis et sint quas ex excepturi cum. Et dolor et illum fuga voluptates voluptas.', 5, '2023-05-07 02:27:46', '2023-05-07 02:27:46'),
(65, 8, 'Sylvia Carter', 'Necessitatibus sit quisquam dolor facilis sint quos explicabo magnam. Cum corrupti laudantium et laborum eveniet dolores. Est inventore similique ex minima ipsum non. Non vel provident et a reprehenderit.', 5, '2023-05-07 02:27:46', '2023-05-07 02:27:46'),
(66, 38, 'Hipolito Lueilwitz', 'Vitae id veritatis perspiciatis consectetur nisi repellat excepturi. Animi ducimus a cumque qui deserunt ipsum. Dolor tempora earum assumenda. Et eos natus alias officia.', 5, '2023-05-07 02:27:46', '2023-05-07 02:27:46'),
(67, 43, 'Desiree Yost', 'Aut molestiae consequuntur voluptas a voluptas quia. Qui eum vero est rerum deleniti voluptatum quas. Ad deleniti impedit omnis eum autem fugit reprehenderit. Quis reiciendis voluptas omnis et soluta eligendi omnis.', 5, '2023-05-07 02:27:46', '2023-05-07 02:27:46'),
(68, 16, 'Mustafa Bergnaum Sr.', 'Quis nam voluptatem fugit suscipit qui aut. Quis voluptates doloribus qui voluptate. Quam nemo ut adipisci quaerat cumque voluptas sunt.', 2, '2023-05-07 02:27:46', '2023-05-07 02:27:46'),
(69, 42, 'Margarette Lubowitz DDS', 'Id vitae quaerat perspiciatis deleniti rerum asperiores facere. Aut quisquam corporis molestiae officia harum est. Sint et ut enim ut deserunt. Dolores voluptatum ducimus eum.', 1, '2023-05-07 02:27:46', '2023-05-07 02:27:46'),
(70, 39, 'Ashly Medhurst', 'Nesciunt voluptate voluptas est nisi libero. Minus repellat deserunt consequuntur. Laudantium porro corrupti rerum enim consectetur qui. Voluptates ut voluptatibus est id veritatis itaque rerum.', 0, '2023-05-07 02:27:46', '2023-05-07 02:27:46'),
(71, 43, 'Prof. Tommie Marquardt IV', 'Voluptas tempore voluptas nihil dolor quas sunt sapiente dolorem. Ex molestiae libero voluptates qui. Consectetur in eius ea dolores aliquam sapiente. Unde accusamus dolorem dolores hic saepe est vel nisi. Et dolor voluptatem error nihil.', 5, '2023-05-07 02:27:46', '2023-05-07 02:27:46'),
(72, 36, 'Bennie Koepp', 'Eum tenetur quibusdam eum incidunt aut. Sit perspiciatis tenetur quas consequatur in ad qui. Reprehenderit ut eligendi recusandae sit in atque molestiae.', 0, '2023-05-07 02:27:46', '2023-05-07 02:27:46'),
(73, 10, 'Dominique Rau MD', 'Minus sint sed tempora nobis aut occaecati qui. Rerum blanditiis aut voluptas ut accusantium et. Aut sit officiis ut quia. Voluptatibus minima non similique nobis recusandae optio. Qui voluptatibus quae nulla cumque quia perspiciatis nam.', 0, '2023-05-07 02:27:46', '2023-05-07 02:27:46'),
(74, 11, 'Ladarius Brown DVM', 'Natus reiciendis harum cupiditate temporibus. Consequatur quaerat unde in est sint delectus maiores.', 1, '2023-05-07 02:27:46', '2023-05-07 02:27:46'),
(75, 44, 'Donna Metz', 'Sed omnis aut odio aspernatur dolorem deleniti odit. Aliquam at laborum minima cumque accusantium excepturi. Repudiandae expedita tempore est dolor est. Commodi minus eos et officiis.', 4, '2023-05-07 02:27:46', '2023-05-07 02:27:46'),
(76, 30, 'Shanon McCullough', 'Eum eum et maiores eaque autem et voluptates. Ratione consequuntur et id voluptatem est. Eius totam est quisquam eum enim libero dignissimos. In modi accusantium dolore soluta.', 5, '2023-05-07 02:27:46', '2023-05-07 02:27:46'),
(77, 41, 'Yoshiko Gibson', 'Eum optio maiores dicta dolorem sit quae beatae corrupti. Ea itaque molestiae sit. Tempora laborum quo quasi repellat.', 1, '2023-05-07 02:27:46', '2023-05-07 02:27:46'),
(78, 48, 'Wyatt Beahan IV', 'Ab sit necessitatibus ratione est illum explicabo. Nobis ut et doloremque beatae unde ea. Totam et qui qui consequatur provident eos corporis.', 2, '2023-05-07 02:27:46', '2023-05-07 02:27:46'),
(79, 18, 'Monserrat Glover', 'Occaecati veniam sunt est incidunt et nemo. Dolores libero debitis dolor quo qui omnis non. Impedit omnis consectetur nobis non.', 2, '2023-05-07 02:27:46', '2023-05-07 02:27:46'),
(80, 25, 'Kasey Vandervort', 'Culpa et et dolore nihil iusto. Mollitia repellendus eos atque labore accusamus voluptatem id officiis.', 2, '2023-05-07 02:27:46', '2023-05-07 02:27:46'),
(81, 38, 'Prof. Bart Labadie', 'Officia iure incidunt quia autem id inventore aut. Et sunt et consequatur consequatur dolore cupiditate.', 4, '2023-05-07 02:27:46', '2023-05-07 02:27:46'),
(82, 1, 'Sonny Hills', 'Molestias optio accusantium et est. Quod aut quia aspernatur reprehenderit tempore voluptatem autem. Voluptatibus impedit consectetur architecto voluptatum fugiat. Eaque atque tenetur ullam temporibus modi.', 0, '2023-05-07 02:27:46', '2023-05-07 02:27:46'),
(83, 20, 'Mr. Garrett Casper V', 'Vero tempore voluptas molestiae sunt ut et. Ex iste reprehenderit delectus dolor. Quia ipsam sunt quibusdam nobis aspernatur. Quia illo at id labore.', 4, '2023-05-07 02:27:46', '2023-05-07 02:27:46'),
(84, 45, 'Ms. Aracely Rogahn', 'Ut voluptas sint adipisci mollitia dicta omnis. Eligendi eum consequatur qui fuga alias itaque corporis magnam. Impedit assumenda voluptatibus voluptatem dicta sunt dolore unde ut. Saepe rerum eius rem tempora voluptatem.', 1, '2023-05-07 02:27:46', '2023-05-07 02:27:46'),
(85, 7, 'Ms. Jammie Beer', 'Voluptas recusandae hic provident ut nihil dolor. Eum dolores maiores quo eum sit accusantium voluptatibus. Soluta quasi amet ipsum id eos voluptatem aut inventore.', 1, '2023-05-07 02:27:46', '2023-05-07 02:27:46'),
(86, 9, 'Prof. Dale Roob', 'Voluptatem non aut magni officia. Repellendus ab corrupti aliquam quidem alias sed similique. Error numquam velit quas.', 5, '2023-05-07 02:27:46', '2023-05-07 02:27:46'),
(87, 37, 'Prof. Merritt Weimann Jr.', 'Eius in enim alias aut. Ipsum perferendis alias est perspiciatis asperiores. Accusantium et repudiandae consequatur nihil assumenda quae. Et qui assumenda itaque hic adipisci excepturi.', 1, '2023-05-07 02:27:46', '2023-05-07 02:27:46'),
(88, 31, 'Lamar Sauer', 'Quibusdam nemo sed sunt aliquam qui est. Dolorum excepturi repellat id quis ad perspiciatis. Id aut repudiandae beatae molestiae consequatur et officiis asperiores. Qui et iste ea adipisci est soluta vel.', 3, '2023-05-07 02:27:46', '2023-05-07 02:27:46'),
(89, 23, 'Prof. Christopher White', 'Possimus tempore odio illo reprehenderit. Adipisci consectetur veritatis deserunt eveniet neque recusandae qui. Ipsum mollitia dolores eligendi. Ut sunt eius commodi ipsa amet.', 4, '2023-05-07 02:27:46', '2023-05-07 02:27:46'),
(90, 11, 'Brock Robel', 'Ratione molestiae ab est odio ut omnis similique. Enim sit officiis aut est nesciunt iste qui. Debitis rem ut repellendus quia. Necessitatibus sint inventore facere enim.', 0, '2023-05-07 02:27:46', '2023-05-07 02:27:46'),
(91, 21, 'Ms. Georgiana Metz', 'Possimus sed aut animi laborum sed. Excepturi est odit maxime ullam. Quod et optio quo sint quia omnis. Asperiores ut pariatur eligendi et.', 3, '2023-05-07 02:27:46', '2023-05-07 02:27:46'),
(92, 32, 'Edward Hermann Sr.', 'Tenetur voluptatibus et ab qui. Dolores aut ea nesciunt dolor quasi velit inventore. Laborum sit ut reiciendis rem quis.', 2, '2023-05-07 02:27:46', '2023-05-07 02:27:46'),
(93, 23, 'Jacquelyn Auer', 'Cupiditate ab ratione molestiae quaerat hic. Minima ut sint sunt nobis architecto hic eos. Minima ab dolor aut adipisci laborum rerum voluptatem.', 0, '2023-05-07 02:27:46', '2023-05-07 02:27:46'),
(94, 29, 'Janiya Oberbrunner', 'Mollitia similique aut vitae odio. Excepturi consequatur temporibus libero et iusto est nostrum. Tempore reiciendis aperiam praesentium est maiores dicta et. Sunt qui repudiandae et atque vitae ut.', 2, '2023-05-07 02:27:46', '2023-05-07 02:27:46'),
(95, 24, 'Jessyca Toy', 'Esse veniam numquam temporibus rem ab numquam. Voluptatem facilis qui sit quasi ullam. Sunt quisquam quibusdam est ducimus aut magnam ab.', 5, '2023-05-07 02:27:46', '2023-05-07 02:27:46'),
(96, 29, 'Dr. Petra Murazik', 'Est dolorum quis rerum culpa sunt voluptas. Repellat dicta exercitationem fugiat non sunt in. Consequatur laborum eos eaque sapiente qui fugiat deserunt. Ipsam ducimus nam quas optio.', 1, '2023-05-07 02:27:46', '2023-05-07 02:27:46'),
(97, 8, 'Sarai Barton', 'Corporis id quibusdam iusto quidem et. Quidem accusamus vero possimus.', 0, '2023-05-07 02:27:46', '2023-05-07 02:27:46'),
(98, 25, 'Jaren Nader', 'Fugit dolore eveniet quasi et. Minima eius sed hic sapiente. Voluptatem et dolorem qui sit. Qui similique blanditiis fugiat eos.', 1, '2023-05-07 02:27:46', '2023-05-07 02:27:46'),
(99, 7, 'Lance Okuneva V', 'Voluptas sit in est est et aliquid atque. Eos ut fugiat blanditiis inventore voluptatem. Numquam ea id est mollitia. Ipsum maiores quibusdam vel.', 0, '2023-05-07 02:27:46', '2023-05-07 02:27:46'),
(100, 1, 'Cassidy Barton', 'Dolores nesciunt est consequuntur corrupti debitis enim. Non in quos repudiandae mollitia. Qui qui esse atque ea qui.', 4, '2023-05-07 02:27:46', '2023-05-07 02:27:46'),
(101, 6, 'Rosemarie Lebsack', 'Maxime sed animi aliquam in veritatis. Eius optio enim aliquam. Quibusdam inventore voluptatem quisquam rem aut.', 0, '2023-05-07 02:27:46', '2023-05-07 02:27:46'),
(102, 42, 'Dwight Hermann', 'Dolorem rerum voluptatem dolor sed soluta incidunt. Neque magni id eum. Eum ea et et natus. Asperiores qui ut sunt placeat.', 2, '2023-05-07 02:27:46', '2023-05-07 02:27:46'),
(103, 32, 'Ressie Turcotte', 'Autem quia quo explicabo exercitationem impedit sint possimus. Fuga expedita officia earum tempora. Nihil nobis autem rerum recusandae natus.', 4, '2023-05-07 02:27:46', '2023-05-07 02:27:46'),
(104, 19, 'Cruz Schulist', 'Atque ratione id facere reiciendis illum. Ut eos facilis dolores blanditiis possimus dolorum qui. Qui aut ipsam consequatur voluptatem delectus accusamus.', 1, '2023-05-07 02:27:46', '2023-05-07 02:27:46'),
(105, 47, 'Mrs. Beryl Jacobson', 'Ullam in atque inventore aperiam aut quia et. Ut quaerat amet veniam ipsam fuga vel culpa. Aspernatur quidem optio molestias aspernatur expedita. Voluptatem enim illum debitis ea.', 1, '2023-05-07 02:27:46', '2023-05-07 02:27:46'),
(106, 25, 'Elena Nienow Sr.', 'Fugiat saepe necessitatibus quasi enim eligendi qui. Facilis maiores sapiente laboriosam quisquam quod et numquam. Molestiae sed aut qui cumque dolorum cum nam. Minima voluptas numquam odio.', 5, '2023-05-07 02:27:46', '2023-05-07 02:27:46'),
(107, 49, 'Prof. Garett Rolfson Jr.', 'Qui cupiditate dolor recusandae corrupti aut magnam voluptas. Facilis minima beatae veritatis sapiente. Sit vel adipisci ad sapiente.', 1, '2023-05-07 02:27:46', '2023-05-07 02:27:46'),
(108, 4, 'Ruthie Grady', 'Perferendis iusto aliquid illum esse. A ipsum tempore est et ut provident. Illo nemo minus ab cumque. Fugit quos fugiat natus.', 4, '2023-05-07 02:27:46', '2023-05-07 02:27:46'),
(109, 44, 'Nat Terry Sr.', 'Rerum vitae magnam ipsam iste eos eligendi. Error fugit eos nihil nostrum. Et aut assumenda maiores dolorum. Quae ut officiis eius eveniet ex.', 0, '2023-05-07 02:27:46', '2023-05-07 02:27:46'),
(110, 39, 'Edgardo Bashirian Jr.', 'Dolorem perspiciatis molestiae non cupiditate praesentium. Minima ratione est aliquam molestiae magni necessitatibus. Deleniti iste minus non voluptate minus et sit.', 1, '2023-05-07 02:27:46', '2023-05-07 02:27:46'),
(111, 6, 'Deshaun Dach', 'Minus repellendus sed quod. Et quam neque doloribus voluptatibus sed. Impedit qui autem totam iste. Quas corporis minima quaerat totam dicta.', 0, '2023-05-07 02:27:46', '2023-05-07 02:27:46'),
(112, 44, 'Rosemarie Paucek', 'Praesentium reiciendis molestiae enim. Nobis libero in eum eum aut voluptatum accusamus dolor. Cumque possimus tempora totam. Enim animi aspernatur nulla aut ut similique.', 2, '2023-05-07 02:27:46', '2023-05-07 02:27:46'),
(113, 5, 'Sebastian Williamson', 'Odit commodi aspernatur quam repudiandae beatae corporis enim. Quae laudantium omnis quidem exercitationem voluptas culpa. Et at quasi voluptatem rerum.', 4, '2023-05-07 02:27:46', '2023-05-07 02:27:46'),
(114, 50, 'Prof. Columbus Bergnaum PhD', 'Dolorem ipsa inventore blanditiis quidem harum qui ut. Rem commodi vitae quas fugiat. Debitis iste ut magni perspiciatis blanditiis. Dolore occaecati nisi iste perferendis recusandae cum.', 1, '2023-05-07 02:27:46', '2023-05-07 02:27:46'),
(115, 6, 'Prof. Rene Reynolds', 'Et tempora beatae nemo cumque vitae. Illum eos quisquam sint repudiandae sint. Rerum et qui voluptate architecto autem asperiores.', 1, '2023-05-07 02:27:46', '2023-05-07 02:27:46'),
(116, 10, 'Mr. Kevon Haley', 'Omnis voluptatem tempora ea. Omnis qui laudantium ratione et suscipit. Sint id natus debitis placeat quaerat corporis. Dolor quas fugit incidunt recusandae ut nisi eum.', 3, '2023-05-07 02:27:46', '2023-05-07 02:27:46'),
(117, 9, 'Prof. Maxine Paucek PhD', 'Illo similique hic distinctio et voluptatem molestiae. Quo aut voluptatum ea est omnis. Itaque odio commodi quia est voluptatem quisquam asperiores.', 3, '2023-05-07 02:27:46', '2023-05-07 02:27:46'),
(118, 23, 'Mrs. Holly Gislason', 'Eum omnis velit mollitia perspiciatis est. Aut iste dolorem laudantium tempora vel et architecto. Qui enim sunt voluptatibus ipsum soluta et nemo.', 2, '2023-05-07 02:27:46', '2023-05-07 02:27:46'),
(119, 20, 'Harmony Schroeder', 'Sunt repellat ducimus iusto. Molestias cum voluptas est. Dolorum est consequuntur consectetur cumque ipsum eveniet. Aliquam voluptas maxime molestias impedit dolore officiis quia suscipit.', 0, '2023-05-07 02:27:46', '2023-05-07 02:27:46'),
(120, 25, 'Ford Rosenbaum', 'Minima non quis in in eum nostrum. Deleniti occaecati dolore eius ea voluptatum numquam ipsam. In laudantium officia vel consequatur saepe non occaecati nobis. Quia vel corrupti ducimus non odit.', 5, '2023-05-07 02:27:46', '2023-05-07 02:27:46'),
(121, 48, 'Mrs. Katrina Rutherford I', 'Ducimus rerum eveniet est nisi quibusdam. Maiores perspiciatis qui occaecati et dolorem. Voluptas in aut numquam eveniet voluptatem. Sint deserunt adipisci vel nemo.', 1, '2023-05-07 02:27:46', '2023-05-07 02:27:46'),
(122, 3, 'Madaline Harris V', 'Ex nemo adipisci similique perspiciatis eligendi quos. Sit fugit in et nemo. Excepturi dolorum vel consequatur ea voluptatum natus officia perferendis. Et qui sit veniam dignissimos fuga commodi.', 3, '2023-05-07 02:27:46', '2023-05-07 02:27:46'),
(123, 39, 'Edythe Schoen', 'Consequatur quia voluptas fuga nulla quia. Nostrum quibusdam iste voluptates vel molestiae. Voluptas quia aliquid rem libero. Deserunt quia dignissimos voluptatem corporis aut consequuntur enim.', 3, '2023-05-07 02:27:46', '2023-05-07 02:27:46'),
(124, 30, 'Abby Hagenes', 'Tempora pariatur possimus voluptatem velit saepe placeat. Et eaque vel alias fuga et. Voluptatem eligendi labore consequatur velit exercitationem aperiam. Error quasi vitae et magnam.', 0, '2023-05-07 02:27:46', '2023-05-07 02:27:46'),
(125, 49, 'Tomasa Jast MD', 'Consequatur repellendus a commodi laboriosam. Laboriosam et blanditiis quas commodi quia nisi autem. Autem et nemo ratione eos alias cupiditate. Id ut adipisci ut cum molestiae est et quia. Quis error quia qui et.', 1, '2023-05-07 02:27:46', '2023-05-07 02:27:46'),
(126, 4, 'Hettie Rice', 'Maiores autem est doloribus et sed tempora. Ipsa accusantium odit rerum sit sunt. Sit hic voluptate officiis consequatur pariatur. Consectetur beatae voluptas omnis et quia velit.', 0, '2023-05-07 02:27:46', '2023-05-07 02:27:46'),
(127, 46, 'Gina Kiehn', 'Dolor recusandae explicabo dicta itaque cupiditate quia. Nemo repellendus quia et quibusdam nostrum voluptas magnam. Aliquam facilis tempora sint laudantium praesentium itaque maiores maiores.', 4, '2023-05-07 02:27:46', '2023-05-07 02:27:46'),
(128, 30, 'Dr. Kasey Stanton DVM', 'Dolor dolores eos at debitis assumenda laborum aut necessitatibus. Quia suscipit excepturi aperiam consequatur rerum fuga. Velit nesciunt similique aut delectus.', 3, '2023-05-07 02:27:46', '2023-05-07 02:27:46'),
(129, 4, 'Archibald Ernser DDS', 'Rerum similique maxime voluptatum et dicta. Sed itaque debitis aspernatur quo saepe ipsum ut. Cum molestiae rerum nihil ipsa earum. Eum quod suscipit dolorum debitis ipsam consequatur voluptatibus explicabo. Laudantium occaecati magni asperiores amet ipsam alias error reiciendis.', 5, '2023-05-07 02:27:46', '2023-05-07 02:27:46'),
(130, 20, 'Kieran Herman', 'Mollitia minima placeat sed hic. Quia consequatur sed architecto nostrum ut ut. Molestias sit ut et molestiae pariatur fugiat.', 5, '2023-05-07 02:27:46', '2023-05-07 02:27:46'),
(131, 48, 'Marilou Hahn', 'Debitis soluta consequuntur similique laboriosam iure rerum. Vel ut eligendi atque.', 5, '2023-05-07 02:27:46', '2023-05-07 02:27:46'),
(132, 46, 'Dewayne Goodwin', 'Architecto magni et doloremque ea modi nihil sunt et. Et autem et necessitatibus quia cupiditate consequuntur quia voluptas. Voluptas architecto dolorem quibusdam dolores veniam itaque.', 3, '2023-05-07 02:27:46', '2023-05-07 02:27:46'),
(133, 33, 'Quentin Monahan', 'Perspiciatis dolorem libero occaecati quos. Perspiciatis voluptas iusto quaerat sit occaecati. Ut consequatur exercitationem quasi deleniti velit. Totam sed vel rerum.', 3, '2023-05-07 02:27:46', '2023-05-07 02:27:46'),
(134, 3, 'Felicita Blick V', 'Quis et repudiandae quia explicabo et illo. Eum ipsam placeat quos est sint. Veniam itaque amet eos. Tempora et dolorem libero pariatur necessitatibus.', 3, '2023-05-07 02:27:46', '2023-05-07 02:27:46'),
(135, 48, 'Prof. Olga Lebsack PhD', 'Qui odio error culpa harum eos dignissimos quia suscipit. Quis repellendus quae consequatur nam molestias tenetur. Praesentium similique laborum optio ab quibusdam explicabo dolorem quam. Nesciunt accusamus sed voluptatibus quis ut repellat. Illo repellat quasi repellendus nostrum quidem ullam deserunt.', 1, '2023-05-07 02:27:46', '2023-05-07 02:27:46'),
(136, 21, 'Elisa Olson', 'Et reprehenderit soluta nisi deleniti facere saepe. Mollitia labore nemo aut pariatur. Et ducimus atque doloremque sunt vel et enim ut. Temporibus cum possimus molestiae veritatis amet. Beatae tenetur est atque excepturi voluptatibus.', 0, '2023-05-07 02:27:46', '2023-05-07 02:27:46'),
(137, 33, 'Imogene Murray', 'Natus qui illum voluptas consequatur. Natus expedita officia cumque ad cupiditate qui voluptates. Deserunt voluptatibus quia cumque perferendis blanditiis quas.', 1, '2023-05-07 02:27:46', '2023-05-07 02:27:46'),
(138, 18, 'Dr. Santino Schowalter', 'Sed cum corporis et sequi quo commodi earum nihil. Dolore ad numquam ut laborum doloribus aspernatur. Est quia et dolores dolorum. Fugiat sit soluta praesentium incidunt.', 4, '2023-05-07 02:27:46', '2023-05-07 02:27:46'),
(139, 34, 'Dr. Isaac Hilpert', 'Possimus suscipit dignissimos id aspernatur soluta. Eaque quisquam pariatur sit rem. Quia est exercitationem omnis doloremque nihil. Quasi consequatur aut autem adipisci. Magni consequuntur sit quasi molestias rem architecto et.', 1, '2023-05-07 02:27:46', '2023-05-07 02:27:46'),
(140, 14, 'Ms. Yasmin Kemmer II', 'Omnis labore ipsam est inventore. Unde reiciendis dolorem possimus ut sunt. Quod ex nulla consequuntur occaecati.', 1, '2023-05-07 02:27:46', '2023-05-07 02:27:46'),
(141, 23, 'Nikolas Nikolaus', 'Minima ex ipsa accusantium nihil vel beatae maiores. Fuga consequatur sit voluptatem dolore. Sint quibusdam laudantium repudiandae repellat. Atque molestiae modi rerum assumenda incidunt maiores est.', 4, '2023-05-07 02:27:46', '2023-05-07 02:27:46'),
(142, 14, 'Gabrielle Tremblay', 'Animi in provident sint optio voluptate quas. Autem suscipit odio cumque ducimus. Corporis tempora sequi praesentium voluptatibus id minima eius. Illo consequuntur molestiae et facere et debitis necessitatibus.', 2, '2023-05-07 02:27:46', '2023-05-07 02:27:46'),
(143, 40, 'Ricky Considine DDS', 'Fugit repudiandae quod aliquam explicabo qui. Quo maiores enim provident quos eaque. Ut suscipit ipsam hic et in voluptatem temporibus doloribus. Eaque eaque consequuntur explicabo accusamus.', 2, '2023-05-07 02:27:46', '2023-05-07 02:27:46'),
(144, 36, 'Jasen Romaguera', 'Quia earum doloremque autem ab quia. Voluptatem sit similique voluptatem nihil iure. Dignissimos quam perferendis sint qui consequatur odio.', 4, '2023-05-07 02:27:46', '2023-05-07 02:27:46'),
(145, 13, 'Ashley Steuber Sr.', 'At quisquam quis rerum nam ut. Commodi ut animi et porro vitae.', 0, '2023-05-07 02:27:46', '2023-05-07 02:27:46'),
(146, 25, 'Prof. Dino Beahan', 'Veritatis id nam et exercitationem nihil aliquam illo. Unde autem esse sit et aspernatur. Sit temporibus aut aliquam repellendus omnis qui sed. Corporis quibusdam labore laudantium ea sed.', 3, '2023-05-07 02:27:46', '2023-05-07 02:27:46'),
(147, 7, 'Shad Schneider', 'Nam necessitatibus consequatur quaerat. Eligendi dolores eum aut veniam ut eum. Accusamus quia ex libero quis numquam quasi maiores voluptatem. Placeat iure cupiditate consectetur neque sunt suscipit dolores nostrum.', 3, '2023-05-07 02:27:46', '2023-05-07 02:27:46'),
(148, 46, 'Santino Maggio', 'Harum ut pariatur autem. Quod ut voluptatem qui et. Officiis ad corporis aliquid sapiente.', 0, '2023-05-07 02:27:46', '2023-05-07 02:27:46'),
(149, 47, 'Catalina Price', 'Consequatur deserunt itaque mollitia nihil omnis soluta laboriosam. Ut est sit autem quis nostrum sit eos. Laborum praesentium beatae qui ea non aliquid facilis.', 2, '2023-05-07 02:27:46', '2023-05-07 02:27:46'),
(150, 5, 'Alessia Conn', 'Numquam et quisquam et aut commodi. Rem et optio amet rem occaecati deleniti ea modi. Magni nesciunt eum animi commodi quidem. Cupiditate est harum labore voluptatibus et id minus.', 0, '2023-05-07 02:27:46', '2023-05-07 02:27:46'),
(151, 10, 'Matilde Kilback V', 'Repellendus facilis consequatur voluptatem aut accusantium. Fugiat illum ut voluptatem animi. Et nobis non eligendi cum veniam.', 3, '2023-05-07 02:27:46', '2023-05-07 02:27:46'),
(152, 36, 'Mrs. Pearlie Gaylord DVM', 'Id ut reiciendis reiciendis voluptates incidunt at. Soluta maxime quia tempore consequatur totam mollitia. Veniam rem qui sint minima eaque quia. Neque non nesciunt et unde earum consequatur.', 0, '2023-05-07 02:27:46', '2023-05-07 02:27:46'),
(153, 48, 'Destini Predovic IV', 'Sint autem magni eveniet omnis. Accusamus corrupti consequuntur eaque velit iusto velit culpa impedit. Et saepe nam nesciunt ratione voluptatem et sit error. Adipisci repellendus adipisci velit non et.', 3, '2023-05-07 02:27:46', '2023-05-07 02:27:46'),
(154, 5, 'Kenton Krajcik', 'Repudiandae nobis aliquam sed molestiae omnis consequatur. Enim et impedit quia atque. Eos cum rem iure dolores sint. Et est vel iste doloribus inventore quos maiores. Non quia error neque animi.', 0, '2023-05-07 02:27:46', '2023-05-07 02:27:46'),
(155, 38, 'Paula Bode', 'Enim voluptatem nemo eligendi nihil. Repudiandae illum excepturi cumque explicabo. Molestias dolor labore iste eius deleniti voluptatum atque.', 2, '2023-05-07 02:27:46', '2023-05-07 02:27:46'),
(156, 20, 'Torrey Mante', 'Dolore a qui dolor harum quam rerum. Laboriosam et sit nobis. Sit nisi ut debitis ut in qui impedit enim.', 0, '2023-05-07 02:27:46', '2023-05-07 02:27:46'),
(157, 15, 'Eve Huel', 'Quis quia corporis id. Maiores minima dolorum voluptas rerum nam. Voluptatem eos nam dignissimos eius.', 1, '2023-05-07 02:27:46', '2023-05-07 02:27:46'),
(158, 35, 'Ed Schinner', 'Odio quibusdam totam sint ducimus. Est aliquid ut suscipit dolor architecto veniam dolore qui. Fugiat molestiae praesentium nostrum autem totam corporis. Eum et nobis dolor quia maxime.', 2, '2023-05-07 02:27:46', '2023-05-07 02:27:46'),
(159, 14, 'Arely Barrows Sr.', 'Esse autem in id est. Pariatur illum velit harum qui ut necessitatibus. Voluptatum ad quasi placeat et. Numquam consequatur dignissimos dolor corporis.', 3, '2023-05-07 02:27:46', '2023-05-07 02:27:46'),
(160, 26, 'Electa Bechtelar', 'Omnis quia enim laudantium nesciunt. Architecto nobis voluptatibus nihil dolor impedit consectetur. Voluptas impedit reprehenderit dicta. Quo rerum doloremque qui labore consequatur. Recusandae voluptas inventore perspiciatis et nisi porro.', 3, '2023-05-07 02:27:46', '2023-05-07 02:27:46'),
(161, 3, 'Mrs. Izabella Bernier IV', 'Nobis officia at non quae illum ab. Dolor repellendus est rerum veniam cumque natus. Voluptatem quos placeat qui dolore sit. Minus repudiandae sed asperiores quia dignissimos natus eligendi. Sapiente dolor est quod velit.', 2, '2023-05-07 02:27:46', '2023-05-07 02:27:46'),
(162, 48, 'Julian Torp IV', 'Suscipit nulla error provident ut occaecati doloribus alias. Facere rerum sunt dolore nam voluptas quod. Ducimus quae pariatur ut ea labore. Iste accusamus voluptates dicta omnis ratione distinctio ut.', 3, '2023-05-07 02:27:46', '2023-05-07 02:27:46'),
(163, 23, 'Ms. Faye Mayert V', 'Molestiae nostrum eligendi illo quidem repudiandae quae magni. Libero blanditiis nam voluptatem et non autem. Quia ratione ut illo nulla eveniet nostrum. Exercitationem optio vel officia corporis dolorem sunt. Impedit facilis excepturi sequi placeat consequuntur.', 3, '2023-05-07 02:27:46', '2023-05-07 02:27:46'),
(164, 33, 'Leonora Senger', 'Placeat illum consequuntur consequatur ut. Non quisquam qui commodi. Incidunt dolor ut rem ut excepturi non.', 0, '2023-05-07 02:27:46', '2023-05-07 02:27:46'),
(165, 10, 'Montana Frami', 'Quia repudiandae dolores laborum ut reprehenderit. A commodi reiciendis voluptas architecto et. Error sit molestiae in ipsum at. Vel repudiandae consequatur ea quae nemo.', 1, '2023-05-07 02:27:46', '2023-05-07 02:27:46'),
(166, 16, 'Arch Dietrich', 'Tenetur vero nisi voluptatem aperiam eaque vitae qui fuga. Delectus aut et delectus qui rerum ut neque. Molestiae voluptate sint beatae voluptas.', 4, '2023-05-07 02:27:46', '2023-05-07 02:27:46'),
(167, 19, 'Emie Schimmel', 'Tempore consequatur facere minima laudantium sit possimus beatae. Et molestiae quaerat qui voluptatem et velit quis. Inventore quaerat nulla dolorem modi maiores et.', 1, '2023-05-07 02:27:46', '2023-05-07 02:27:46'),
(168, 37, 'Dr. Gonzalo Mante II', 'Mollitia iusto corporis distinctio est dolorum. Eum commodi veniam voluptatibus. Inventore quasi natus cum distinctio. Ipsam beatae sapiente occaecati et corporis.', 1, '2023-05-07 02:27:46', '2023-05-07 02:27:46'),
(169, 28, 'Diana Huel', 'Commodi quasi quaerat perspiciatis eos ratione nulla. Dolorem fuga magnam cum sint deleniti reiciendis. Qui qui modi eveniet omnis. Qui ipsam quaerat libero laudantium occaecati.', 4, '2023-05-07 02:27:46', '2023-05-07 02:27:46'),
(170, 4, 'Juana Stehr', 'Cupiditate et optio optio et eveniet ratione. Sunt laborum et quod rerum aut beatae. Et explicabo eligendi earum libero. Quia odit ducimus non.', 0, '2023-05-07 02:27:46', '2023-05-07 02:27:46'),
(171, 48, 'Miss River Veum PhD', 'Itaque animi vel eaque quia. Maiores temporibus laborum natus rem nam ut. In ex aperiam nobis nihil necessitatibus explicabo. Et illo iste doloremque dolorum quam.', 0, '2023-05-07 02:27:46', '2023-05-07 02:27:46'),
(172, 33, 'Patricia Ryan DDS', 'Doloribus qui a placeat. Non similique tenetur omnis quisquam blanditiis. Minima dolorem maxime voluptatibus qui exercitationem.', 1, '2023-05-07 02:27:46', '2023-05-07 02:27:46'),
(173, 14, 'Grady Tremblay', 'Est itaque a a occaecati labore quo. Qui voluptatem sed blanditiis. Vel nam veritatis aut magni praesentium iure. Et eaque possimus similique est et dolor voluptas.', 5, '2023-05-07 02:27:46', '2023-05-07 02:27:46'),
(174, 32, 'Michelle Satterfield', 'Ab suscipit aut labore perspiciatis fugit quae. Aut natus velit voluptates amet. Laboriosam ad qui ratione explicabo dolores et modi. Voluptatibus sed illum atque alias non nisi.', 2, '2023-05-07 02:27:46', '2023-05-07 02:27:46'),
(175, 1, 'Madisen Volkman', 'Hic explicabo aperiam quibusdam consequatur ducimus deserunt in provident. Quibusdam voluptatibus eos quas et eum deleniti omnis.', 2, '2023-05-07 02:27:46', '2023-05-07 02:27:46'),
(176, 2, 'Damon Dicki', 'Cumque praesentium magni tempora. Sunt minima tempora ut ut porro. Omnis ratione et dolorem tempora natus aut repellat. Dolorem ab eaque ducimus repellendus laborum perferendis.', 3, '2023-05-07 02:27:46', '2023-05-07 02:27:46'),
(177, 21, 'Mckenna Hoeger', 'In iste reiciendis quidem. Consequatur a culpa id provident unde aut voluptatem saepe.', 5, '2023-05-07 02:27:46', '2023-05-07 02:27:46'),
(178, 17, 'Priscilla Altenwerth', 'Doloribus a commodi dolorem velit nemo ducimus est. Aut repellat odit maiores aliquid quae laborum. Dolorum distinctio et esse modi laboriosam. Ut praesentium eos inventore fugit.', 3, '2023-05-07 02:27:46', '2023-05-07 02:27:46'),
(179, 26, 'Sister Jenkins', 'Aut alias sit aliquid sint voluptatem. Explicabo occaecati at vel illum et. Quia numquam aut quas incidunt dolores asperiores velit. Ut et saepe totam quod soluta adipisci.', 0, '2023-05-07 02:27:46', '2023-05-07 02:27:46'),
(180, 23, 'Emmanuelle Reynolds', 'Eos tempore amet incidunt explicabo. Sunt est animi sapiente laboriosam non voluptatem dolor. Ut aut quae similique laudantium ex rerum. Dolor consequuntur quia consequuntur aliquid quibusdam atque est dolor.', 3, '2023-05-07 02:27:46', '2023-05-07 02:27:46'),
(181, 18, 'Mrs. Anne Mertz DVM', 'Esse ducimus beatae non minima quam. Vero esse earum dolorem amet fuga nostrum enim. Aliquam et ducimus aliquid architecto. Numquam quia saepe quos.', 3, '2023-05-07 02:27:46', '2023-05-07 02:27:46'),
(182, 19, 'Dallas Shanahan', 'Provident rerum quaerat quia eaque explicabo. Officiis ut rem pariatur error iure aut natus impedit.', 1, '2023-05-07 02:27:46', '2023-05-07 02:27:46'),
(183, 38, 'Ethan Jaskolski DVM', 'Fugiat voluptates ducimus quam sit. Ipsum cumque occaecati reiciendis ab qui qui. Est explicabo quaerat laboriosam praesentium.', 4, '2023-05-07 02:27:46', '2023-05-07 02:27:46'),
(184, 30, 'Dina Gleason', 'Tempore quis debitis placeat ipsam sit velit. Commodi distinctio sint aut qui corrupti quia quidem. Architecto excepturi autem temporibus ab quis eius. Ut ea dolor quibusdam est dolorem enim repudiandae in.', 4, '2023-05-07 02:27:46', '2023-05-07 02:27:46'),
(185, 27, 'Fannie Nienow', 'Deleniti aut et sed dolorum accusantium rerum minus. Et est minima adipisci in nesciunt expedita.', 2, '2023-05-07 02:27:46', '2023-05-07 02:27:46'),
(186, 13, 'Mr. Lambert Feest MD', 'Dolorum esse aut sunt quibusdam amet consectetur. Sit veniam distinctio et necessitatibus quod. Et vel sint placeat officia laboriosam beatae.', 2, '2023-05-07 02:27:46', '2023-05-07 02:27:46'),
(187, 39, 'Mr. Grady Bartell IV', 'Officia rerum aut odit dolorem quod natus. Voluptates est molestiae repudiandae nostrum. Ut dolores est at consectetur distinctio ad eos. Et ex dolores esse nisi accusantium.', 4, '2023-05-07 02:27:46', '2023-05-07 02:27:46'),
(188, 47, 'Brad Wolf', 'Numquam tenetur quo quam reiciendis et aut. Iste voluptates ipsa iste soluta et.', 2, '2023-05-07 02:27:46', '2023-05-07 02:27:46'),
(189, 50, 'Prof. Nick Anderson II', 'Rerum molestiae neque vitae labore nostrum quo omnis. Aut animi ut fuga et animi rerum adipisci. Enim qui eum sint et ea voluptatum voluptatum quas. Enim error ipsam totam adipisci.', 0, '2023-05-07 02:27:46', '2023-05-07 02:27:46'),
(190, 22, 'Madeline Gusikowski', 'Explicabo culpa et ipsum eligendi nihil earum ut similique. Dolores illo illo a nihil sint nam odit. Rem qui veritatis vero. Praesentium cum eaque unde aliquam odit quas.', 4, '2023-05-07 02:27:46', '2023-05-07 02:27:46'),
(191, 1, 'Erick Donnelly IV', 'Aut ut voluptatum sit autem in. Ea eos quisquam animi eligendi non. In ipsa consequatur omnis et perspiciatis deleniti.', 2, '2023-05-07 02:27:46', '2023-05-07 02:27:46'),
(192, 5, 'Alice Dach', 'Qui qui dolorem ut. Consectetur autem aut porro atque omnis inventore. Eos velit qui perferendis qui. Consequatur placeat eum quasi tenetur voluptate eum.', 1, '2023-05-07 02:27:46', '2023-05-07 02:27:46'),
(193, 50, 'Kamille Bailey', 'Culpa perferendis ea eos sit dignissimos. Libero ut vel animi qui. Quos earum iure amet sint sunt animi. Voluptatum enim molestiae sit repudiandae totam.', 5, '2023-05-07 02:27:46', '2023-05-07 02:27:46'),
(194, 46, 'Miss Dessie Schiller III', 'Quaerat est animi voluptas delectus omnis aspernatur cumque suscipit. Optio et autem sunt eligendi sunt minima. Velit delectus delectus esse et ullam quae. Ea iste quos quia.', 0, '2023-05-07 02:27:46', '2023-05-07 02:27:46'),
(195, 40, 'Ms. Grace Gaylord DVM', 'Aspernatur maxime repudiandae accusantium maiores explicabo. Aliquam illo ut esse et mollitia inventore sit. Quod porro ut in sint. Et illum est iste hic molestias est.', 4, '2023-05-07 02:27:46', '2023-05-07 02:27:46'),
(196, 3, 'Willy Altenwerth', 'Delectus consequuntur et officia accusantium. Rerum tempora tempore aut est. Et sit saepe rerum quis commodi nihil.', 5, '2023-05-07 02:27:46', '2023-05-07 02:27:46'),
(197, 36, 'Coy Koelpin', 'Fuga aut deleniti ut eaque. Laudantium amet architecto quidem dolorem. Ut libero aliquam consequatur mollitia non recusandae et.', 1, '2023-05-07 02:27:46', '2023-05-07 02:27:46'),
(198, 22, 'Prof. Nathanael Walsh', 'Sint cumque atque ut sequi voluptatem. Et est odit adipisci vero sint eos.', 0, '2023-05-07 02:27:46', '2023-05-07 02:27:46'),
(199, 42, 'Colten Murray', 'Est doloremque et sed animi itaque temporibus dolores. Qui dolores saepe porro delectus atque voluptatum quia. Earum amet occaecati enim quas veniam corporis aut. Nemo dolorem commodi consectetur velit molestiae.', 2, '2023-05-07 02:27:46', '2023-05-07 02:27:46'),
(200, 22, 'Owen Franecki', 'Facere officiis saepe quia perspiciatis tempore. Nemo est cumque quae quisquam id. Ad dolorum in quo et. Dolor et natus eius.', 4, '2023-05-07 02:27:46', '2023-05-07 02:27:46'),
(201, 50, 'Dessie Cummerata', 'Temporibus exercitationem non quod sit consequatur. Voluptatem delectus nihil nihil ducimus dicta.', 4, '2023-05-07 02:27:46', '2023-05-07 02:27:46'),
(202, 10, 'Prof. Leta Cremin', 'Et et veritatis fuga sit praesentium accusamus. Quia adipisci id quia a impedit numquam.', 0, '2023-05-07 02:27:46', '2023-05-07 02:27:46'),
(203, 45, 'Mrs. Alvera Tromp DVM', 'Quae odio consectetur autem in. Veniam commodi quidem rerum dolore cupiditate facilis qui eveniet. Et officia distinctio labore sint voluptas ut aut. Maxime eos natus aliquid quo.', 3, '2023-05-07 02:27:46', '2023-05-07 02:27:46'),
(204, 26, 'Lloyd Terry', 'Placeat nesciunt suscipit vitae quia omnis magnam. Harum ullam perferendis quia. Ut quaerat rerum nihil non quia sunt quos. Odit repellat voluptatum voluptatem ipsam iure nihil in nemo.', 2, '2023-05-07 02:27:46', '2023-05-07 02:27:46'),
(205, 44, 'Prof. Vernon Green II', 'Laboriosam neque quia qui. Sunt odit quis earum sed harum aut. Ut eos cum alias cupiditate explicabo earum ipsam corporis.', 5, '2023-05-07 02:27:46', '2023-05-07 02:27:46'),
(206, 44, 'Raoul Huels', 'Saepe voluptatem quis odio. Et labore facere praesentium autem dolores consequuntur eos odio.', 5, '2023-05-07 02:27:46', '2023-05-07 02:27:46'),
(207, 3, 'Geo Lueilwitz', 'Similique ab voluptatem quia dolorem aut est sunt ipsa. Suscipit voluptatem sit eaque accusantium voluptate ut molestiae. Excepturi tempore assumenda voluptatibus sit quaerat tempore quisquam dolorem.', 1, '2023-05-07 02:27:46', '2023-05-07 02:27:46'),
(208, 37, 'Mr. Mario Runte', 'Officiis ipsum accusantium at nulla voluptatem. Error itaque quis nam at et. Quis dicta nisi est rerum fugiat magnam. Sint placeat aperiam velit eos saepe ducimus animi cumque.', 3, '2023-05-07 02:27:46', '2023-05-07 02:27:46');
INSERT INTO `reviews` (`id`, `product_id`, `customer`, `review`, `star`, `created_at`, `updated_at`) VALUES
(209, 13, 'Ms. Fae Gleason DDS', 'Qui voluptatem odio minus eveniet facere quibusdam sed. Incidunt eos est expedita et libero est. Alias voluptatem corrupti rerum omnis ut vitae tempore. Tenetur molestiae accusamus non nam hic. Animi nemo quo officiis nobis sit.', 4, '2023-05-07 02:27:46', '2023-05-07 02:27:46'),
(210, 5, 'Amalia White', 'Alias ipsum consequuntur consequuntur libero. Iure nostrum est placeat. Aut numquam rerum molestiae ut amet dolores.', 5, '2023-05-07 02:27:46', '2023-05-07 02:27:46'),
(211, 33, 'Oliver Hand MD', 'Enim placeat voluptatem odit voluptatum. Voluptates cum mollitia dolores cupiditate temporibus ut quisquam. Qui optio ab expedita voluptates consequatur eligendi. Nihil in consectetur maiores repellat. Eos excepturi itaque voluptatibus facilis expedita quo.', 2, '2023-05-07 02:27:46', '2023-05-07 02:27:46'),
(212, 33, 'Dolores Will', 'Et fuga harum quam eveniet impedit nesciunt. Dolor ipsa officiis maxime saepe. Laboriosam quia explicabo sed maxime. Inventore dicta possimus in sapiente a occaecati.', 1, '2023-05-07 02:27:46', '2023-05-07 02:27:46'),
(213, 44, 'Jacques Schuster', 'Quam et enim voluptatem autem sint. Aut tempore non asperiores et consectetur quae. Consequuntur et est tempora voluptatem ipsa.', 5, '2023-05-07 02:27:46', '2023-05-07 02:27:46'),
(214, 48, 'Catharine Gerlach', 'Ex ea aperiam qui sed explicabo. Eaque et sapiente omnis sint nisi.', 0, '2023-05-07 02:27:46', '2023-05-07 02:27:46'),
(215, 46, 'Berry Schuster DDS', 'Quos consequatur qui quasi repellat accusamus. Praesentium et reprehenderit molestias eum in rerum nemo. Quasi at tempore sapiente dolor rem eum enim. Adipisci quia molestiae dolor alias facilis voluptatem atque.', 0, '2023-05-07 02:27:46', '2023-05-07 02:27:46'),
(216, 11, 'Ms. Sally Littel', 'Omnis eum et saepe suscipit quam culpa sit. Non qui quisquam voluptates tenetur veniam dolor. Temporibus atque fugit non est qui esse.', 4, '2023-05-07 02:27:46', '2023-05-07 02:27:46'),
(217, 30, 'Leann Barton', 'In aut aliquam aut ipsa et quia adipisci. Ullam sit voluptatibus voluptas tempora debitis. Nemo numquam quaerat nobis repudiandae omnis eos eos.', 1, '2023-05-07 02:27:46', '2023-05-07 02:27:46'),
(218, 38, 'Maude Prosacco', 'Nostrum eius quia voluptas. Ut nesciunt rerum occaecati. Sit ut omnis ea.', 3, '2023-05-07 02:27:46', '2023-05-07 02:27:46'),
(219, 36, 'Kenyatta Armstrong Jr.', 'Minima a expedita quia qui voluptatem. Quo velit placeat a eum rerum illum. Itaque ratione aperiam quae sequi temporibus voluptatibus. Aliquid natus et assumenda ratione delectus excepturi sed.', 4, '2023-05-07 02:27:46', '2023-05-07 02:27:46'),
(220, 50, 'Dr. Grayce Rowe', 'Ducimus quod adipisci cupiditate laudantium. Nihil aut dolores necessitatibus natus numquam. Quod aut quia nostrum molestiae veritatis. Aut a vitae maiores beatae corrupti.', 4, '2023-05-07 02:27:46', '2023-05-07 02:27:46'),
(221, 49, 'Taryn Lind', 'Est animi impedit omnis eos voluptas blanditiis. Sed ex dignissimos dolor qui consequuntur totam vitae. Rerum libero qui reprehenderit ipsum.', 5, '2023-05-07 02:27:46', '2023-05-07 02:27:46'),
(222, 8, 'Marcelina Kovacek', 'Unde dolores maxime incidunt. Rerum nisi sed enim. Blanditiis quia facilis atque iusto quod rerum. Vitae ratione temporibus eos aperiam consequuntur quis optio.', 2, '2023-05-07 02:27:46', '2023-05-07 02:27:46'),
(223, 37, 'Prof. Elias Breitenberg', 'Beatae ipsum sit voluptatum tenetur distinctio est sed impedit. Ipsam eaque nisi sed aspernatur sit exercitationem id. Beatae omnis nulla sunt laboriosam cumque illo distinctio laboriosam. Nesciunt velit quaerat dignissimos magni repudiandae.', 4, '2023-05-07 02:27:46', '2023-05-07 02:27:46'),
(224, 9, 'Ladarius Ledner', 'Rem enim tenetur qui suscipit ut fuga quisquam. Quae recusandae voluptas consequuntur vero nesciunt sed doloribus. Facilis libero nemo qui. Molestiae fugiat blanditiis deleniti delectus rerum animi.', 5, '2023-05-07 02:27:46', '2023-05-07 02:27:46'),
(225, 33, 'Felicita Gutkowski', 'Accusamus exercitationem aspernatur sed amet. Et et quis qui architecto ducimus ea dignissimos.', 1, '2023-05-07 02:27:46', '2023-05-07 02:27:46'),
(226, 16, 'Dr. Ludwig Wolff V', 'Velit natus hic iure enim occaecati minus. Aperiam eum quo dolore modi. Ut qui fuga est libero. Fugit aliquam ut aliquam et.', 2, '2023-05-07 02:27:46', '2023-05-07 02:27:46'),
(227, 22, 'Julius Larkin', 'Qui qui natus quia iste quis. Id vel sapiente dolor illum. Voluptatem numquam et voluptas numquam culpa et quia eligendi. Voluptatem repudiandae voluptates et facere ab est eius.', 1, '2023-05-07 02:27:46', '2023-05-07 02:27:46'),
(228, 1, 'Ivy Dietrich', 'Corrupti officia cumque autem ad. Labore suscipit est enim alias aut beatae recusandae. Cumque animi nisi sit doloribus enim. Molestias cumque neque deleniti natus voluptates exercitationem eos iste.', 1, '2023-05-07 02:27:46', '2023-05-07 02:27:46'),
(229, 21, 'Genesis Pfannerstill II', 'Perspiciatis fugit officiis autem libero. Accusamus ex et et incidunt. Exercitationem dolorem ut laboriosam error. Ipsam qui nisi fugiat totam veritatis.', 4, '2023-05-07 02:27:46', '2023-05-07 02:27:46'),
(230, 27, 'Marlee Kemmer', 'Quia omnis aut consectetur error officia atque. Asperiores excepturi totam quasi quo. Esse reprehenderit doloribus quisquam culpa architecto.', 5, '2023-05-07 02:27:46', '2023-05-07 02:27:46'),
(231, 17, 'Rowan Rempel', 'Quidem corporis soluta nulla facilis reprehenderit. Labore quidem recusandae ea aspernatur. Aut debitis culpa odio accusantium voluptatum. Voluptatem voluptatem fugit cumque veniam consequatur aut vel dicta.', 4, '2023-05-07 02:27:46', '2023-05-07 02:27:46'),
(232, 37, 'Alexie Wuckert', 'Aut dignissimos fugit et velit tempore et libero qui. Minima numquam quo odio sequi consequatur aspernatur. Quam rerum cumque dicta autem vero pariatur. Sunt qui doloremque numquam reiciendis commodi magnam.', 4, '2023-05-07 02:27:46', '2023-05-07 02:27:46'),
(233, 25, 'Amie Cruickshank', 'Enim sequi deserunt dolores ut dolorum tempora. Nesciunt corporis magni dolor quia officia voluptas quis. Recusandae qui laborum est in exercitationem quibusdam enim.', 0, '2023-05-07 02:27:46', '2023-05-07 02:27:46'),
(234, 44, 'Mr. Maximillian VonRueden DDS', 'Mollitia optio necessitatibus quia autem dolor. Aut quia repellendus quo nulla. Reprehenderit et laudantium quaerat reprehenderit. Et pariatur qui et est.', 5, '2023-05-07 02:27:46', '2023-05-07 02:27:46'),
(235, 48, 'Herman Dare', 'Quo fugit necessitatibus doloribus voluptas est possimus. Laborum cumque quo labore reprehenderit quam consequatur. Nam ut eum corporis quos praesentium vero in. Quaerat veritatis voluptatibus facilis quas et.', 1, '2023-05-07 02:27:46', '2023-05-07 02:27:46'),
(236, 27, 'Rosa Watsica', 'Facilis vitae reprehenderit perferendis praesentium quia. Iusto consequatur ut est assumenda reprehenderit. Odit consequuntur consequatur commodi quia qui in corrupti.', 2, '2023-05-07 02:27:46', '2023-05-07 02:27:46'),
(237, 18, 'Dillan Lubowitz', 'Omnis et vel et mollitia aliquid sit debitis. Quas tenetur quidem id doloremque nulla. Deserunt eius libero atque a beatae omnis. Voluptatem quia voluptatem sunt aliquam neque laboriosam.', 2, '2023-05-07 02:27:46', '2023-05-07 02:27:46'),
(238, 41, 'Flavio Stoltenberg', 'Autem quis nisi numquam magnam nam. Delectus voluptas quia necessitatibus et voluptas. Minus aut non sit aut qui est ut voluptas.', 1, '2023-05-07 02:27:46', '2023-05-07 02:27:46'),
(239, 14, 'Ms. Ivah Heathcote', 'Delectus dicta saepe eos laborum. Nulla a beatae quas ut esse in explicabo. Tempore rerum quis ipsam fugit deserunt tempora. Quia numquam perspiciatis modi velit sapiente cupiditate libero.', 3, '2023-05-07 02:27:46', '2023-05-07 02:27:46'),
(240, 36, 'Dr. Tyson Howe I', 'Tempore perspiciatis aut est quas unde. Dolorum nobis est rerum ratione inventore vel. Consequatur sed nulla in quisquam temporibus ducimus quam.', 3, '2023-05-07 02:27:46', '2023-05-07 02:27:46'),
(241, 2, 'Marjorie Lowe', 'Aperiam eos nobis ratione qui consectetur. Beatae asperiores est aut ut autem. Ut porro recusandae consectetur perspiciatis id. Pariatur aperiam consequatur unde odio ea quisquam dolor.', 4, '2023-05-07 02:27:46', '2023-05-07 02:27:46'),
(242, 25, 'Prof. Jaquelin Torp', 'Id totam quia veniam eveniet et. Aliquid rem ut rerum. Cupiditate quisquam inventore libero et nihil nihil. Aperiam minima asperiores ullam dignissimos et.', 3, '2023-05-07 02:27:46', '2023-05-07 02:27:46'),
(243, 45, 'Hank Kertzmann I', 'Ea repudiandae nulla aut sapiente soluta nemo. Laborum velit sunt aut qui numquam at error. Facere et consequatur sequi dolorem quibusdam exercitationem reprehenderit.', 3, '2023-05-07 02:27:46', '2023-05-07 02:27:46'),
(244, 48, 'Mrs. Ona Lakin V', 'Non rerum ipsa quos qui est placeat omnis. Voluptate soluta amet est consequatur doloremque eum.', 1, '2023-05-07 02:27:46', '2023-05-07 02:27:46'),
(245, 6, 'Ms. Ayana Senger', 'Temporibus et nisi non. Sed reprehenderit odio quos molestias sequi aspernatur et. Sit adipisci dolor rem quibusdam quisquam non laudantium. Sed asperiores sed aut laboriosam omnis.', 5, '2023-05-07 02:27:46', '2023-05-07 02:27:46'),
(246, 31, 'Patience Crona', 'Aspernatur necessitatibus omnis voluptas. Qui ea dolor odit autem. Sit repudiandae quod dolores consectetur nesciunt possimus sapiente voluptates.', 3, '2023-05-07 02:27:46', '2023-05-07 02:27:46'),
(247, 24, 'Dr. Phyllis Skiles MD', 'Dolore sequi accusamus et ipsum dolorem facilis enim perferendis. Voluptas et aut enim enim veniam non nihil. Voluptatem quia aperiam ut quasi explicabo dolores nam voluptatem.', 1, '2023-05-07 02:27:46', '2023-05-07 02:27:46'),
(248, 26, 'Cleora Windler IV', 'Dolore quo illo eum ad ut. Iusto cumque perspiciatis assumenda nihil at excepturi ut voluptates. Et facere quis laudantium magnam itaque eligendi.', 4, '2023-05-07 02:27:46', '2023-05-07 02:27:46'),
(249, 12, 'Sandra Kris', 'Qui eos sequi incidunt exercitationem molestias vel omnis. Id non voluptatem necessitatibus accusantium. At quae aut et.', 3, '2023-05-07 02:27:46', '2023-05-07 02:27:46'),
(250, 24, 'Stacy Rolfson', 'Dolorum placeat velit iure a corporis. Architecto vitae deserunt voluptas error eveniet assumenda vel. Sed quo totam id qui vitae. Autem sint ea quod veritatis dolore repellat numquam blanditiis.', 1, '2023-05-07 02:27:46', '2023-05-07 02:27:46'),
(251, 33, 'Rhett Willms PhD', 'Et et est animi vel. Fuga quam totam aut deserunt velit laborum reiciendis. Ut autem omnis a veritatis cum rem quod.', 1, '2023-05-07 02:27:46', '2023-05-07 02:27:46'),
(252, 41, 'Meta Stanton', 'Assumenda inventore maxime iste ullam qui incidunt beatae. Quisquam omnis rerum adipisci rerum et. Est ut non repellat sunt dolore. Occaecati in atque et fugit exercitationem eos consequuntur dolorum.', 4, '2023-05-07 02:27:46', '2023-05-07 02:27:46'),
(253, 20, 'Mr. Duncan Cremin', 'Saepe et perspiciatis ab sint. Quisquam enim eos nostrum dolorum dolorem. Possimus eos molestiae odit nisi et ducimus qui.', 5, '2023-05-07 02:27:46', '2023-05-07 02:27:46'),
(254, 44, 'Felipa Little', 'Dicta itaque quo quisquam aperiam adipisci. Quasi aut ut et aut. Ut quam ea vel omnis eveniet impedit quae. Repellendus non doloribus enim aliquam ratione. Amet eum aut qui voluptatem eaque est dolores.', 1, '2023-05-07 02:27:46', '2023-05-07 02:27:46'),
(255, 43, 'Monty Abernathy', 'Ducimus ut est deserunt maxime assumenda aut consequatur. Earum minima culpa tenetur corporis. Officia at molestiae facilis architecto cum quis. Quis consequatur ut et esse recusandae et.', 1, '2023-05-07 02:27:46', '2023-05-07 02:27:46'),
(256, 16, 'Martine Mraz', 'Aut numquam ipsa maxime praesentium quisquam. Quae molestiae ea quaerat aut sit consequatur. Maxime dicta alias aliquid quis.', 5, '2023-05-07 02:27:46', '2023-05-07 02:27:46'),
(257, 41, 'Prof. Allene Hessel PhD', 'Non rerum accusantium voluptas debitis consequatur quas. Aut velit architecto quod porro. Velit omnis harum qui culpa corporis. Non quae dolor non voluptatum aspernatur.', 3, '2023-05-07 02:27:46', '2023-05-07 02:27:46'),
(258, 17, 'Edwin Waters', 'Cupiditate ex magni consequatur et explicabo nobis. Non dolor facere assumenda assumenda omnis non accusantium. Ut iure eligendi vel. Sint natus sed laudantium suscipit. Qui beatae aliquam ut dolorem perspiciatis inventore dolore.', 4, '2023-05-07 02:27:46', '2023-05-07 02:27:46'),
(259, 22, 'Jose Bauch', 'Error autem sunt totam excepturi saepe et est. Odio molestiae est quo praesentium a dolor. A illum voluptatem quia perspiciatis culpa aut ad.', 1, '2023-05-07 02:27:46', '2023-05-07 02:27:46'),
(260, 48, 'Jared Romaguera', 'Voluptatem eius voluptas eius reiciendis nemo error ut. Tempora accusantium expedita quia earum occaecati explicabo. Aut quasi natus molestiae voluptate cumque exercitationem. Eos ut dolorem esse qui.', 3, '2023-05-07 02:27:46', '2023-05-07 02:27:46'),
(261, 40, 'Josue Schoen', 'Vero et iure eum reiciendis sed quidem. Ut natus pariatur minus sed sit libero atque. Reprehenderit numquam reiciendis omnis maiores nesciunt cumque aut. Corrupti est ut in fuga.', 5, '2023-05-07 02:27:46', '2023-05-07 02:27:46'),
(262, 16, 'Prof. Gabriel Witting', 'Sed eos voluptate sunt dolores est deleniti corporis. Veritatis neque ducimus consequatur neque cupiditate incidunt facere. Doloribus recusandae nulla eos fuga ad hic molestiae unde.', 0, '2023-05-07 02:27:46', '2023-05-07 02:27:46'),
(263, 15, 'Enid Treutel', 'Ut illum fugiat voluptatem illum in in facilis quia. Nobis quae quidem ea dolorum dolores aut. Facere itaque quisquam quo iusto.', 0, '2023-05-07 02:27:46', '2023-05-07 02:27:46'),
(264, 19, 'Vida Hills', 'Ducimus quam temporibus et earum. Voluptas doloremque omnis odit numquam est dolor aliquid. Totam porro est rerum enim aut sit.', 2, '2023-05-07 02:27:46', '2023-05-07 02:27:46'),
(265, 30, 'Heloise Hamill PhD', 'Voluptas odit fugiat temporibus eligendi. Labore et nulla provident non hic. Itaque vitae quia vel consequatur et et est. Voluptatem sequi delectus sunt. Est et quidem ut.', 2, '2023-05-07 02:27:46', '2023-05-07 02:27:46'),
(266, 38, 'Mr. Wilhelm Jacobs I', 'Deserunt iure qui esse ipsum sunt voluptatem aut. Animi et cupiditate voluptatum est dolorem sint. Aut vel ullam voluptates et et nesciunt qui. Necessitatibus placeat omnis quos nisi animi nam distinctio.', 0, '2023-05-07 02:27:46', '2023-05-07 02:27:46'),
(267, 34, 'Roberta Donnelly', 'Tempore qui non ipsum iure. Ex illum illo eligendi consequuntur eligendi quod. Animi vitae sint ratione rerum corrupti et. Ut consequatur voluptate eius inventore soluta excepturi ut quod. Sed sunt et corrupti velit.', 2, '2023-05-07 02:27:46', '2023-05-07 02:27:46'),
(268, 10, 'Carolyne McDermott', 'Ea odit ut animi. Perspiciatis repellendus libero facilis illo sint. Delectus et dolor sit.', 5, '2023-05-07 02:27:46', '2023-05-07 02:27:46'),
(269, 14, 'Prof. Payton Paucek', 'Soluta adipisci ut est excepturi esse eum quia. Molestiae quis eveniet doloremque vel molestiae. Ipsa facere id illum ut. Et et aperiam qui dolores debitis. Quo cupiditate ut repellendus enim alias a commodi.', 0, '2023-05-07 02:27:46', '2023-05-07 02:27:46'),
(270, 2, 'Jeramie Boehm', 'Velit molestiae dolore sapiente sit. Ab repudiandae non temporibus et exercitationem. Sed commodi dignissimos occaecati sed explicabo qui voluptate.', 2, '2023-05-07 02:27:46', '2023-05-07 02:27:46'),
(271, 35, 'Gunner Pollich II', 'Deserunt totam pariatur dolorem blanditiis. Cumque amet nemo nulla est consequatur dolor illo. Esse excepturi ab totam sunt. Ut iure sed id temporibus at nisi.', 5, '2023-05-07 02:27:46', '2023-05-07 02:27:46'),
(272, 4, 'Marianna Jast', 'Minima ullam quasi itaque dolore. Itaque asperiores ipsum vel.', 3, '2023-05-07 02:27:46', '2023-05-07 02:27:46'),
(273, 27, 'Michelle Brekke DDS', 'Consequatur qui et consequatur esse sunt voluptatem. Delectus ad voluptatibus vero nihil necessitatibus consequuntur. Aut ut facilis rerum veniam consequuntur itaque.', 1, '2023-05-07 02:27:46', '2023-05-07 02:27:46'),
(274, 46, 'Erika Kassulke', 'Perspiciatis ut nihil cum praesentium sed sunt et. Dolorum sit pariatur doloribus dolorem.', 3, '2023-05-07 02:27:46', '2023-05-07 02:27:46'),
(275, 41, 'Athena Corwin DDS', 'Voluptas quia laudantium ut aut eos sed et. Eos ipsam magni officia hic iure iusto. Eligendi amet quis voluptas laboriosam at.', 2, '2023-05-07 02:27:46', '2023-05-07 02:27:46'),
(276, 16, 'Dr. Ruthie Lockman', 'Eveniet quos nihil architecto dignissimos. Enim in pariatur est sed et tempora dolor suscipit. Laudantium pariatur quia aliquid omnis dicta. Aut dolore assumenda numquam unde sint ea.', 4, '2023-05-07 02:27:46', '2023-05-07 02:27:46'),
(277, 18, 'Jerel Schamberger DVM', 'Sit dolores illo ea eaque voluptatem commodi ipsa quo. Quo voluptas delectus aut distinctio praesentium aut. Eos nulla voluptas dignissimos suscipit. Id dolor vel mollitia rerum.', 2, '2023-05-07 02:27:46', '2023-05-07 02:27:46'),
(278, 31, 'Nelle Conn', 'Ut accusantium dolores voluptate dolores qui. Sed consequatur iusto dolorem tempore. Fuga praesentium debitis eveniet autem. Ut mollitia vitae esse odio possimus laudantium. Placeat aspernatur rerum iste delectus commodi.', 2, '2023-05-07 02:27:46', '2023-05-07 02:27:46'),
(279, 15, 'Aaron Muller', 'Totam reiciendis labore adipisci. Illum magnam dolorum vitae. Esse sequi quia qui est perferendis sit architecto odio.', 3, '2023-05-07 02:27:46', '2023-05-07 02:27:46'),
(280, 34, 'Amparo Pagac', 'Totam aliquid minus veniam rerum. Cumque quis ea totam vero numquam. Consequuntur alias aut fuga tempora nihil nisi voluptas quam.', 1, '2023-05-07 02:27:46', '2023-05-07 02:27:46'),
(281, 47, 'Ernie Pouros', 'Mollitia unde dicta facere rerum ducimus rerum consectetur rerum. Beatae aliquid velit fugit ipsam nulla. Nesciunt totam fugit quisquam reprehenderit. Quo suscipit a sequi aspernatur explicabo.', 0, '2023-05-07 02:27:46', '2023-05-07 02:27:46'),
(282, 3, 'Dr. Zane Collins Sr.', 'Ut alias sed aperiam rem. Est exercitationem ea dolor rerum non voluptatem. Voluptate sed ipsa debitis distinctio asperiores. Hic modi iure assumenda expedita ratione aut.', 3, '2023-05-07 02:27:46', '2023-05-07 02:27:46'),
(283, 40, 'Ruth Satterfield', 'Magni natus est sed voluptatem doloribus esse autem ipsa. Voluptate aut facere et molestias ad exercitationem necessitatibus. Assumenda sequi id dolor ullam.', 2, '2023-05-07 02:27:46', '2023-05-07 02:27:46'),
(284, 10, 'Garfield Ruecker', 'Exercitationem molestiae voluptatibus est ipsam qui veniam vitae reiciendis. Consequuntur ut dicta consectetur veritatis qui delectus dicta. Cum non aliquam ut aut. Voluptate hic qui id labore suscipit.', 0, '2023-05-07 02:27:46', '2023-05-07 02:27:46'),
(285, 45, 'Koby Mann', 'Alias dolores nemo ratione voluptatibus accusantium voluptatum ipsum. Cum ea laborum earum pariatur laudantium non sed. Tempora quia nulla quia dolore ratione eos neque dolorem.', 4, '2023-05-07 02:27:46', '2023-05-07 02:27:46'),
(286, 21, 'Emery Mann', 'Labore et numquam sed enim aliquam necessitatibus similique. Ut magni ad dolorum doloremque voluptas numquam et velit. Voluptatum dolor dolorum voluptate dolorem est.', 4, '2023-05-07 02:27:46', '2023-05-07 02:27:46'),
(287, 17, 'Alicia Parker IV', 'Reprehenderit repudiandae tempora ducimus earum. Nisi consequatur est perferendis rerum quo. Officiis quisquam odio eligendi et eveniet earum excepturi. Eos illum quia ut placeat.', 3, '2023-05-07 02:27:46', '2023-05-07 02:27:46'),
(288, 39, 'Bernadine Boyle II', 'Sunt suscipit ut est ut. Est aut enim possimus architecto.', 5, '2023-05-07 02:27:46', '2023-05-07 02:27:46'),
(289, 19, 'Carissa Sipes II', 'Exercitationem vel qui aspernatur unde officia blanditiis quae. Officia libero ut quam repudiandae ea rerum.', 3, '2023-05-07 02:27:46', '2023-05-07 02:27:46'),
(290, 12, 'Angeline Christiansen', 'Fugiat non voluptates officia. Modi optio in molestiae dolorem accusamus veniam. Quod repellendus et nam aperiam eius consequuntur.', 5, '2023-05-07 02:27:46', '2023-05-07 02:27:46'),
(291, 49, 'Alexandria Gusikowski', 'In quibusdam aperiam neque quaerat. Non voluptas voluptatibus veniam occaecati unde tempore nihil. Ut sit non deserunt dolores. Ut odit ut aperiam id.', 1, '2023-05-07 02:27:46', '2023-05-07 02:27:46'),
(292, 18, 'Justen Nolan', 'Sunt tempore rerum recusandae eligendi aut animi porro. Accusamus magnam sed eligendi aut. Et dolore quasi voluptatem in debitis eveniet. Dolores delectus dolorem consequuntur sint ullam qui. Illo quibusdam quo ut impedit dolorum recusandae.', 1, '2023-05-07 02:27:46', '2023-05-07 02:27:46'),
(293, 37, 'Nathan Klocko II', 'Voluptatem ipsa veniam qui fugiat dolorem architecto labore. Ullam voluptatibus quia quo explicabo modi.', 5, '2023-05-07 02:27:46', '2023-05-07 02:27:46'),
(294, 1, 'Prof. Bryana Labadie MD', 'Tempore sint et nam hic quia doloremque non. Laudantium doloremque autem maxime dolor et officiis. Ullam eum voluptatem aspernatur harum vel.', 3, '2023-05-07 02:27:46', '2023-05-07 02:27:46'),
(295, 39, 'Kelsi Lebsack', 'Ducimus consequatur dolores nobis dignissimos minus explicabo. Veritatis pariatur odit blanditiis nihil laboriosam natus quas.', 3, '2023-05-07 02:27:46', '2023-05-07 02:27:46'),
(296, 32, 'Dr. Mervin Connelly III', 'Est ipsam voluptas architecto laudantium voluptas sit delectus ducimus. Sed ea sint excepturi velit. Est et ratione consequatur ipsa aut amet consequuntur.', 4, '2023-05-07 02:27:46', '2023-05-07 02:27:46'),
(297, 1, 'Rosie Buckridge', 'Totam sint vel perferendis officiis assumenda officiis ipsa. Ad enim esse quia quia. Odit omnis aut quia ut quia quod et sapiente. Magnam at doloribus provident rerum.', 1, '2023-05-07 02:27:46', '2023-05-07 02:27:46'),
(298, 37, 'Fidel Brekke', 'Facilis cum voluptates eaque libero alias tenetur corrupti neque. Accusamus atque et blanditiis ex et.', 1, '2023-05-07 02:27:46', '2023-05-07 02:27:46'),
(299, 13, 'Shawn Pfannerstill', 'Mollitia fugit optio velit unde esse fugiat. Quo error tempore rerum repellendus. Velit eum sequi aliquam aliquam quaerat quis ad. Quasi possimus dicta voluptatem fugit quod aut. Optio quod itaque repellat quibusdam et cumque laborum iure.', 2, '2023-05-07 02:27:46', '2023-05-07 02:27:46'),
(300, 35, 'Destiny Kreiger PhD', 'Repellendus laborum dignissimos omnis voluptatum consequatur delectus. Commodi occaecati doloremque quis quia sed necessitatibus. Et quas asperiores voluptatem architecto. Numquam dolores repudiandae eaque iure reiciendis quod.', 1, '2023-05-07 02:27:46', '2023-05-07 02:27:46');

-- --------------------------------------------------------

--
-- Table structure for table `users`
--

CREATE TABLE `users` (
  `id` bigint(20) UNSIGNED NOT NULL,
  `name` varchar(255) NOT NULL,
  `email` varchar(255) NOT NULL,
  `email_verified_at` timestamp NULL DEFAULT NULL,
  `password` varchar(255) NOT NULL,
  `remember_token` varchar(100) DEFAULT NULL,
  `created_at` timestamp NULL DEFAULT NULL,
  `updated_at` timestamp NULL DEFAULT NULL
) ENGINE=InnoDB DEFAULT CHARSET=utf8mb4 COLLATE=utf8mb4_unicode_ci;

--
-- Indexes for dumped tables
--

--
-- Indexes for table `failed_jobs`
--
ALTER TABLE `failed_jobs`
  ADD PRIMARY KEY (`id`),
  ADD UNIQUE KEY `failed_jobs_uuid_unique` (`uuid`);

--
-- Indexes for table `migrations`
--
ALTER TABLE `migrations`
  ADD PRIMARY KEY (`id`);

--
-- Indexes for table `password_resets`
--
ALTER TABLE `password_resets`
  ADD PRIMARY KEY (`email`);

--
-- Indexes for table `personal_access_tokens`
--
ALTER TABLE `personal_access_tokens`
  ADD PRIMARY KEY (`id`),
  ADD UNIQUE KEY `personal_access_tokens_token_unique` (`token`),
  ADD KEY `personal_access_tokens_tokenable_type_tokenable_id_index` (`tokenable_type`,`tokenable_id`);

--
-- Indexes for table `products`
--
ALTER TABLE `products`
  ADD PRIMARY KEY (`id`);

--
-- Indexes for table `reviews`
--
ALTER TABLE `reviews`
  ADD PRIMARY KEY (`id`),
  ADD KEY `reviews_product_id_foreign` (`product_id`);

--
-- Indexes for table `users`
--
ALTER TABLE `users`
  ADD PRIMARY KEY (`id`),
  ADD UNIQUE KEY `users_email_unique` (`email`);

--
-- AUTO_INCREMENT for dumped tables
--

--
-- AUTO_INCREMENT for table `failed_jobs`
--
ALTER TABLE `failed_jobs`
  MODIFY `id` bigint(20) UNSIGNED NOT NULL AUTO_INCREMENT;

--
-- AUTO_INCREMENT for table `migrations`
--
ALTER TABLE `migrations`
  MODIFY `id` int(10) UNSIGNED NOT NULL AUTO_INCREMENT, AUTO_INCREMENT=41;

--
-- AUTO_INCREMENT for table `personal_access_tokens`
--
ALTER TABLE `personal_access_tokens`
  MODIFY `id` bigint(20) UNSIGNED NOT NULL AUTO_INCREMENT;

--
-- AUTO_INCREMENT for table `products`
--
ALTER TABLE `products`
  MODIFY `id` bigint(20) UNSIGNED NOT NULL AUTO_INCREMENT, AUTO_INCREMENT=51;

--
-- AUTO_INCREMENT for table `reviews`
--
ALTER TABLE `reviews`
  MODIFY `id` bigint(20) UNSIGNED NOT NULL AUTO_INCREMENT, AUTO_INCREMENT=301;

--
-- AUTO_INCREMENT for table `users`
--
ALTER TABLE `users`
  MODIFY `id` bigint(20) UNSIGNED NOT NULL AUTO_INCREMENT;

--
-- Constraints for dumped tables
--

--
-- Constraints for table `reviews`
--
ALTER TABLE `reviews`
  ADD CONSTRAINT `reviews_product_id_foreign` FOREIGN KEY (`product_id`) REFERENCES `products` (`id`) ON DELETE CASCADE;
COMMIT;

/*!40101 SET CHARACTER_SET_CLIENT=@OLD_CHARACTER_SET_CLIENT */;
/*!40101 SET CHARACTER_SET_RESULTS=@OLD_CHARACTER_SET_RESULTS */;
/*!40101 SET COLLATION_CONNECTION=@OLD_COLLATION_CONNECTION */;
